sample_id,attack_name,target_model,label_true,pred_clean_target,pred_adv_target,is_transfer_success
0,slide,gbdt,0,0,0,False
1,slide,gbdt,0,0,3,True
2,slide,gbdt,1,1,0,True
3,slide,gbdt,3,3,3,False
4,slide,gbdt,3,3,1,True
5,slide,gbdt,3,3,1,True
6,slide,gbdt,1,1,3,True
7,slide,gbdt,3,3,1,True
8,slide,gbdt,0,0,1,True
9,slide,gbdt,1,1,4,True
10,slide,gbdt,2,2,3,True
11,slide,gbdt,3,3,3,False
12,slide,gbdt,1,1,1,False
13,slide,gbdt,0,0,0,False
14,slide,gbdt,0,0,0,False
15,slide,gbdt,1,1,3,True
16,slide,gbdt,0,0,3,True
17,slide,gbdt,1,1,1,False
18,slide,gbdt,1,1,0,True
19,slide,gbdt,2,2,0,True
20,slide,gbdt,1,1,0,True
21,slide,gbdt,1,1,0,True
22,slide,gbdt,0,0,0,False
23,slide,gbdt,1,1,1,False
24,slide,gbdt,3,3,1,True
25,slide,gbdt,0,0,0,False
26,slide,gbdt,3,3,3,False
27,slide,gbdt,1,1,1,False
28,slide,gbdt,0,0,0,False
29,slide,gbdt,0,0,3,True
30,slide,gbdt,2,2,2,False
31,slide,gbdt,3,3,1,True
32,slide,gbdt,1,1,0,True
33,slide,gbdt,0,0,3,True
34,slide,gbdt,1,1,0,True
35,slide,gbdt,1,1,1,False
36,slide,gbdt,1,1,1,False
37,slide,gbdt,1,1,1,False
38,slide,gbdt,1,1,1,False
39,slide,gbdt,0,0,0,False
40,slide,gbdt,1,1,1,False
41,slide,gbdt,1,1,1,False
42,slide,gbdt,0,0,3,True
43,slide,gbdt,0,0,0,False
44,slide,gbdt,0,0,3,True
45,slide,gbdt,1,1,1,False
46,slide,gbdt,1,1,0,True
47,slide,gbdt,0,0,3,True
48,slide,gbdt,2,2,1,True
49,slide,gbdt,1,1,3,True
50,slide,gbdt,0,0,1,True
51,slide,gbdt,3,3,1,True
52,slide,gbdt,1,1,1,False
53,slide,gbdt,0,0,0,False
54,slide,gbdt,3,3,1,True
55,slide,gbdt,1,1,1,False
56,slide,gbdt,1,1,1,False
57,slide,gbdt,0,0,0,False
58,slide,gbdt,3,3,1,True
59,slide,gbdt,0,0,0,False
60,slide,gbdt,1,1,1,False
61,slide,gbdt,1,1,1,False
62,slide,gbdt,0,0,0,False
63,slide,gbdt,3,1,4,True
64,slide,gbdt,0,0,0,False
65,slide,gbdt,0,0,0,False
66,slide,gbdt,3,3,4,True
67,slide,gbdt,1,1,1,False
68,slide,gbdt,1,1,0,True
69,slide,gbdt,1,1,0,True
70,slide,gbdt,3,3,4,True
71,slide,gbdt,1,1,0,True
72,slide,gbdt,0,0,0,False
73,slide,gbdt,0,0,3,True
74,slide,gbdt,0,0,0,False
75,slide,gbdt,1,1,1,False
76,slide,gbdt,1,1,1,False
77,slide,gbdt,2,2,3,True
78,slide,gbdt,2,2,2,False
79,slide,gbdt,0,0,0,False
80,slide,gbdt,0,0,3,True
81,slide,gbdt,3,3,0,True
82,slide,gbdt,1,1,1,False
83,slide,gbdt,1,1,2,True
84,slide,gbdt,3,3,1,True
85,slide,gbdt,0,0,0,False
86,slide,gbdt,1,1,0,True
87,slide,gbdt,0,0,0,False
88,slide,gbdt,1,1,1,False
89,slide,gbdt,1,1,1,False
90,slide,gbdt,1,1,1,False
91,slide,gbdt,2,2,1,True
92,slide,gbdt,1,1,0,True
93,slide,gbdt,1,1,0,True
94,slide,gbdt,2,2,1,True
95,slide,gbdt,0,0,0,False
96,slide,gbdt,0,0,1,True
97,slide,gbdt,1,1,4,True
98,slide,gbdt,3,3,4,True
99,slide,gbdt,1,1,1,False
100,slide,gbdt,1,1,1,False
101,slide,gbdt,3,3,0,True
102,slide,gbdt,0,0,1,True
103,slide,gbdt,2,2,3,True
104,slide,gbdt,1,1,1,False
105,slide,gbdt,2,2,0,True
106,slide,gbdt,1,1,1,False
107,slide,gbdt,0,1,3,True
108,slide,gbdt,1,1,2,True
109,slide,gbdt,1,1,0,True
110,slide,gbdt,0,0,0,False
111,slide,gbdt,1,1,0,True
112,slide,gbdt,3,3,1,True
113,slide,gbdt,1,1,0,True
114,slide,gbdt,1,1,0,True
115,slide,gbdt,0,0,0,False
116,slide,gbdt,0,0,0,False
117,slide,gbdt,0,0,0,False
118,slide,gbdt,2,2,3,True
119,slide,gbdt,1,1,1,False
120,slide,gbdt,0,0,0,False
121,slide,gbdt,0,0,1,True
122,slide,gbdt,3,3,1,True
123,slide,gbdt,3,3,3,False
124,slide,gbdt,2,2,2,False
125,slide,gbdt,3,1,1,True
126,slide,gbdt,3,3,3,False
127,slide,gbdt,1,1,4,True
128,slide,gbdt,0,0,3,True
129,slide,gbdt,2,2,0,True
130,slide,gbdt,1,1,1,False
131,slide,gbdt,3,3,3,False
132,slide,gbdt,1,1,0,True
133,slide,gbdt,0,0,0,False
134,slide,gbdt,1,1,1,False
135,slide,gbdt,1,1,1,False
136,slide,gbdt,1,1,4,True
137,slide,gbdt,0,0,0,False
138,slide,gbdt,0,0,1,True
139,slide,gbdt,3,3,1,True
140,slide,gbdt,3,3,4,True
141,slide,gbdt,0,0,0,False
142,slide,gbdt,0,0,0,False
143,slide,gbdt,0,0,0,False
144,slide,gbdt,0,0,0,False
145,slide,gbdt,3,3,3,False
146,slide,gbdt,0,0,0,False
147,slide,gbdt,1,1,0,True
148,slide,gbdt,1,1,1,False
149,slide,gbdt,2,2,3,True
150,slide,gbdt,0,0,0,False
151,slide,gbdt,1,1,3,True
152,slide,gbdt,1,1,3,True
153,slide,gbdt,0,0,3,True
154,slide,gbdt,1,1,0,True
155,slide,gbdt,0,0,0,False
156,slide,gbdt,4,4,3,True
157,slide,gbdt,0,0,3,True
158,slide,gbdt,1,1,0,True
159,slide,gbdt,3,3,3,False
160,slide,gbdt,3,3,1,True
161,slide,gbdt,3,3,3,False
162,slide,gbdt,1,1,0,True
163,slide,gbdt,3,3,3,False
164,slide,gbdt,0,0,3,True
165,slide,gbdt,0,0,0,False
166,slide,gbdt,1,1,0,True
167,slide,gbdt,3,3,1,True
168,slide,gbdt,0,0,0,False
169,slide,gbdt,0,0,0,False
170,slide,gbdt,0,0,0,False
171,slide,gbdt,0,0,1,True
172,slide,gbdt,1,1,3,True
173,slide,gbdt,1,1,1,False
174,slide,gbdt,1,1,1,False
175,slide,gbdt,2,2,0,True
176,slide,gbdt,0,0,3,True
177,slide,gbdt,3,3,1,True
178,slide,gbdt,1,1,3,True
179,slide,gbdt,1,1,1,False
180,slide,gbdt,1,1,0,True
181,slide,gbdt,2,2,1,True
182,slide,gbdt,0,0,3,True
183,slide,gbdt,0,0,0,False
184,slide,gbdt,2,2,3,True
185,slide,gbdt,0,0,3,True
186,slide,gbdt,0,0,0,False
187,slide,gbdt,0,0,0,False
188,slide,gbdt,1,1,0,True
189,slide,gbdt,1,3,1,False
190,slide,gbdt,1,1,1,False
191,slide,gbdt,0,0,0,False
192,slide,gbdt,0,0,0,False
193,slide,gbdt,1,1,4,True
194,slide,gbdt,0,0,0,False
195,slide,gbdt,1,1,0,True
196,slide,gbdt,1,1,2,True
197,slide,gbdt,3,3,1,True
198,slide,gbdt,0,0,0,False
199,slide,gbdt,0,0,0,False
200,slide,gbdt,3,3,1,True
201,slide,gbdt,0,0,0,False
202,slide,gbdt,0,0,0,False
203,slide,gbdt,0,0,0,False
204,slide,gbdt,1,1,1,False
205,slide,gbdt,0,0,3,True
206,slide,gbdt,1,1,1,False
207,slide,gbdt,2,2,2,False
208,slide,gbdt,0,0,3,True
209,slide,gbdt,1,1,2,True
210,slide,gbdt,3,3,1,True
211,slide,gbdt,0,0,3,True
212,slide,gbdt,1,1,0,True
213,slide,gbdt,1,1,0,True
214,slide,gbdt,0,0,3,True
215,slide,gbdt,0,0,1,True
216,slide,gbdt,3,3,1,True
217,slide,gbdt,1,1,2,True
218,slide,gbdt,1,1,1,False
219,slide,gbdt,1,1,1,False
220,slide,gbdt,4,4,4,False
221,slide,gbdt,1,1,1,False
222,slide,gbdt,0,0,0,False
223,slide,gbdt,0,0,3,True
224,slide,gbdt,1,1,1,False
225,slide,gbdt,3,3,1,True
226,slide,gbdt,0,0,0,False
227,slide,gbdt,1,1,2,True
228,slide,gbdt,3,3,1,True
229,slide,gbdt,3,3,1,True
230,slide,gbdt,1,1,1,False
231,slide,gbdt,0,0,0,False
232,slide,gbdt,1,1,1,False
233,slide,gbdt,3,3,1,True
234,slide,gbdt,0,0,0,False
235,slide,gbdt,1,1,1,False
236,slide,gbdt,1,1,0,True
237,slide,gbdt,3,3,1,True
238,slide,gbdt,0,0,0,False
239,slide,gbdt,1,1,4,True
240,slide,gbdt,1,1,1,False
241,slide,gbdt,3,3,1,True
242,slide,gbdt,1,1,0,True
243,slide,gbdt,2,2,3,True
244,slide,gbdt,0,0,0,False
245,slide,gbdt,0,0,1,True
246,slide,gbdt,0,0,0,False
247,slide,gbdt,2,2,2,False
248,slide,gbdt,1,1,0,True
249,slide,gbdt,1,1,1,False
250,slide,gbdt,1,1,1,False
251,slide,gbdt,3,3,4,True
252,slide,gbdt,0,0,0,False
253,slide,gbdt,1,1,0,True
254,slide,gbdt,0,0,0,False
255,slide,gbdt,0,0,1,True
256,slide,gbdt,0,0,1,True
257,slide,gbdt,1,1,1,False
258,slide,gbdt,3,3,1,True
259,slide,gbdt,0,0,1,True
260,slide,gbdt,1,1,4,True
261,slide,gbdt,0,0,0,False
262,slide,gbdt,0,0,0,False
263,slide,gbdt,0,0,0,False
264,slide,gbdt,2,2,4,True
265,slide,gbdt,1,1,1,False
266,slide,gbdt,0,0,1,True
267,slide,gbdt,0,0,0,False
268,slide,gbdt,0,0,0,False
269,slide,gbdt,1,1,1,False
270,slide,gbdt,1,1,1,False
271,slide,gbdt,1,1,0,True
272,slide,gbdt,1,1,1,False
273,slide,gbdt,1,1,0,True
274,slide,gbdt,1,1,1,False
275,slide,gbdt,0,0,0,False
276,slide,gbdt,0,0,1,True
277,slide,gbdt,0,0,1,True
278,slide,gbdt,1,1,1,False
279,slide,gbdt,1,1,1,False
280,slide,gbdt,3,3,1,True
281,slide,gbdt,1,1,0,True
282,slide,gbdt,0,0,1,True
283,slide,gbdt,0,0,1,True
284,slide,gbdt,1,1,3,True
285,slide,gbdt,4,1,3,True
286,slide,gbdt,1,1,2,True
287,slide,gbdt,1,1,1,False
288,slide,gbdt,0,0,0,False
289,slide,gbdt,1,1,1,False
290,slide,gbdt,0,0,1,True
291,slide,gbdt,0,0,0,False
292,slide,gbdt,0,0,3,True
293,slide,gbdt,1,1,1,False
294,slide,gbdt,1,1,1,False
295,slide,gbdt,0,0,0,False
296,slide,gbdt,1,1,0,True
297,slide,gbdt,0,0,0,False
298,slide,gbdt,1,1,3,True
299,slide,gbdt,1,1,1,False
300,slide,gbdt,1,1,2,True
301,slide,gbdt,1,1,1,False
302,slide,gbdt,2,2,1,True
303,slide,gbdt,0,0,0,False
304,slide,gbdt,0,0,3,True
305,slide,gbdt,1,1,1,False
306,slide,gbdt,1,3,3,True
307,slide,gbdt,1,1,0,True
308,slide,gbdt,0,0,0,False
309,slide,gbdt,3,3,1,True
310,slide,gbdt,0,0,0,False
311,slide,gbdt,1,1,1,False
312,slide,gbdt,1,1,1,False
313,slide,gbdt,1,1,1,False
314,slide,gbdt,0,0,3,True
315,slide,gbdt,1,1,1,False
316,slide,gbdt,0,0,0,False
317,slide,gbdt,4,4,4,False
318,slide,gbdt,2,2,2,False
319,slide,gbdt,3,3,4,True
320,slide,gbdt,0,0,3,True
321,slide,gbdt,0,0,3,True
322,slide,gbdt,3,3,1,True
323,slide,gbdt,1,1,1,False
324,slide,gbdt,1,1,1,False
325,slide,gbdt,1,1,1,False
326,slide,gbdt,2,2,3,True
327,slide,gbdt,1,1,1,False
328,slide,gbdt,0,2,1,True
329,slide,gbdt,1,1,1,False
330,slide,gbdt,1,1,1,False
331,slide,gbdt,1,1,1,False
332,slide,gbdt,1,1,1,False
333,slide,gbdt,0,0,1,True
334,slide,gbdt,1,1,1,False
335,slide,gbdt,1,1,1,False
336,slide,gbdt,0,0,0,False
337,slide,gbdt,0,0,3,True
338,slide,gbdt,0,0,0,False
339,slide,gbdt,1,1,1,False
340,slide,gbdt,1,1,1,False
341,slide,gbdt,0,0,0,False
342,slide,gbdt,0,0,3,True
343,slide,gbdt,3,3,1,True
344,slide,gbdt,0,0,1,True
345,slide,gbdt,0,0,0,False
346,slide,gbdt,3,3,1,True
347,slide,gbdt,2,2,4,True
348,slide,gbdt,0,0,0,False
349,slide,gbdt,1,1,0,True
350,slide,gbdt,1,1,1,False
351,slide,gbdt,0,0,0,False
352,slide,gbdt,3,1,1,True
353,slide,gbdt,0,0,3,True
354,slide,gbdt,1,1,0,True
355,slide,gbdt,0,0,3,True
356,slide,gbdt,1,1,1,False
357,slide,gbdt,1,1,1,False
358,slide,gbdt,0,0,1,True
359,slide,gbdt,2,2,1,True
360,slide,gbdt,0,0,3,True
361,slide,gbdt,0,0,1,True
362,slide,gbdt,2,2,3,True
363,slide,gbdt,2,2,2,False
364,slide,gbdt,1,1,0,True
365,slide,gbdt,2,2,1,True
366,slide,gbdt,1,1,1,False
367,slide,gbdt,0,0,0,False
368,slide,gbdt,1,1,0,True
369,slide,gbdt,1,1,1,False
370,slide,gbdt,0,0,3,True
371,slide,gbdt,0,0,0,False
372,slide,gbdt,3,3,4,True
373,slide,gbdt,0,0,0,False
374,slide,gbdt,3,3,4,True
375,slide,gbdt,1,1,0,True
376,slide,gbdt,0,0,0,False
377,slide,gbdt,1,1,1,False
378,slide,gbdt,0,0,3,True
379,slide,gbdt,1,1,0,True
380,slide,gbdt,1,2,1,False
381,slide,gbdt,1,1,1,False
382,slide,gbdt,1,1,1,False
383,slide,gbdt,3,3,4,True
384,slide,gbdt,0,0,1,True
385,slide,gbdt,0,0,0,False
386,slide,gbdt,3,1,1,True
387,slide,gbdt,1,1,1,False
388,slide,gbdt,0,0,3,True
389,slide,gbdt,1,1,3,True
390,slide,gbdt,3,3,3,False
391,slide,gbdt,0,0,1,True
392,slide,gbdt,0,0,0,False
393,slide,gbdt,1,1,3,True
394,slide,gbdt,3,3,1,True
395,slide,gbdt,1,1,1,False
396,slide,gbdt,1,1,1,False
397,slide,gbdt,0,0,0,False
398,slide,gbdt,3,3,1,True
399,slide,gbdt,1,1,1,False
400,slide,gbdt,1,1,1,False
401,slide,gbdt,0,0,0,False
402,slide,gbdt,0,0,0,False
403,slide,gbdt,0,0,3,True
404,slide,gbdt,2,2,0,True
405,slide,gbdt,3,3,4,True
406,slide,gbdt,3,3,1,True
407,slide,gbdt,1,1,1,False
408,slide,gbdt,2,2,1,True
409,slide,gbdt,0,0,0,False
410,slide,gbdt,2,2,3,True
411,slide,gbdt,0,0,1,True
412,slide,gbdt,1,1,1,False
413,slide,gbdt,3,1,1,True
414,slide,gbdt,0,0,4,True
415,slide,gbdt,0,0,0,False
416,slide,gbdt,0,0,3,True
417,slide,gbdt,2,2,0,True
418,slide,gbdt,1,1,1,False
419,slide,gbdt,0,0,3,True
420,slide,gbdt,2,2,2,False
421,slide,gbdt,1,1,1,False
422,slide,gbdt,3,3,3,False
423,slide,gbdt,2,2,1,True
424,slide,gbdt,1,1,1,False
425,slide,gbdt,3,3,1,True
426,slide,gbdt,1,1,1,False
427,slide,gbdt,3,3,1,True
428,slide,gbdt,3,3,1,True
429,slide,gbdt,2,2,2,False
430,slide,gbdt,1,1,1,False
431,slide,gbdt,1,1,0,True
432,slide,gbdt,0,0,1,True
433,slide,gbdt,1,1,0,True
434,slide,gbdt,2,2,1,True
435,slide,gbdt,1,1,0,True
436,slide,gbdt,1,1,0,True
437,slide,gbdt,1,1,1,False
438,slide,gbdt,0,0,0,False
439,slide,gbdt,0,0,1,True
440,slide,gbdt,1,1,2,True
441,slide,gbdt,3,3,4,True
442,slide,gbdt,0,0,0,False
443,slide,gbdt,1,1,1,False
444,slide,gbdt,0,0,3,True
445,slide,gbdt,0,0,0,False
446,slide,gbdt,0,0,0,False
447,slide,gbdt,0,0,1,True
448,slide,gbdt,1,1,1,False
449,slide,gbdt,0,0,0,False
450,slide,gbdt,0,0,0,False
451,slide,gbdt,2,2,2,False
452,slide,gbdt,3,3,3,False
453,slide,gbdt,1,1,1,False
454,slide,gbdt,1,1,0,True
455,slide,gbdt,2,2,0,True
456,slide,gbdt,2,2,0,True
457,slide,gbdt,3,3,1,True
458,slide,gbdt,0,0,0,False
459,slide,gbdt,0,0,3,True
460,slide,gbdt,2,2,0,True
461,slide,gbdt,1,1,1,False
462,slide,gbdt,3,3,1,True
463,slide,gbdt,3,3,3,False
464,slide,gbdt,0,0,1,True
465,slide,gbdt,1,1,1,False
466,slide,gbdt,1,1,0,True
467,slide,gbdt,1,1,2,True
468,slide,gbdt,1,1,1,False
469,slide,gbdt,1,1,1,False
470,slide,gbdt,0,0,0,False
471,slide,gbdt,0,0,0,False
472,slide,gbdt,1,1,1,False
473,slide,gbdt,1,1,3,True
474,slide,gbdt,1,1,1,False
475,slide,gbdt,1,1,4,True
476,slide,gbdt,1,4,1,False
477,slide,gbdt,1,1,0,True
478,slide,gbdt,0,0,0,False
479,slide,gbdt,3,3,3,False
480,slide,gbdt,1,1,0,True
481,slide,gbdt,3,3,1,True
482,slide,gbdt,2,2,1,True
483,slide,gbdt,1,1,0,True
484,slide,gbdt,0,0,3,True
485,slide,gbdt,1,1,0,True
486,slide,gbdt,1,1,1,False
487,slide,gbdt,2,2,0,True
488,slide,gbdt,1,1,2,True
489,slide,gbdt,1,1,0,True
490,slide,gbdt,1,1,1,False
491,slide,gbdt,0,0,0,False
492,slide,gbdt,3,3,1,True
493,slide,gbdt,2,2,2,False
494,slide,gbdt,3,3,4,True
495,slide,gbdt,0,0,0,False
496,slide,gbdt,3,3,1,True
497,slide,gbdt,0,0,0,False
498,slide,gbdt,1,1,0,True
499,slide,gbdt,0,0,1,True
500,slide,gbdt,1,1,0,True
501,slide,gbdt,2,2,0,True
502,slide,gbdt,1,1,1,False
503,slide,gbdt,3,3,1,True
504,slide,gbdt,1,1,1,False
505,slide,gbdt,3,1,3,False
506,slide,gbdt,1,1,0,True
507,slide,gbdt,0,0,0,False
508,slide,gbdt,0,0,3,True
509,slide,gbdt,2,2,2,False
510,slide,gbdt,2,2,3,True
511,slide,gbdt,2,2,3,True
512,slide,gbdt,0,0,1,True
513,slide,gbdt,1,1,0,True
514,slide,gbdt,0,0,1,True
515,slide,gbdt,1,1,1,False
516,slide,gbdt,1,1,0,True
517,slide,gbdt,1,1,4,True
518,slide,gbdt,0,0,0,False
519,slide,gbdt,0,0,1,True
520,slide,gbdt,1,1,1,False
521,slide,gbdt,3,3,3,False
522,slide,gbdt,1,1,1,False
523,slide,gbdt,0,0,0,False
524,slide,gbdt,1,1,0,True
525,slide,gbdt,0,0,3,True
526,slide,gbdt,2,2,3,True
527,slide,gbdt,0,0,0,False
528,slide,gbdt,2,2,1,True
529,slide,gbdt,1,1,3,True
530,slide,gbdt,0,0,0,False
531,slide,gbdt,1,1,0,True
532,slide,gbdt,2,2,3,True
533,slide,gbdt,3,3,4,True
534,slide,gbdt,3,3,1,True
535,slide,gbdt,1,1,1,False
536,slide,gbdt,2,2,2,False
537,slide,gbdt,2,2,3,True
538,slide,gbdt,1,1,4,True
539,slide,gbdt,3,3,1,True
540,slide,gbdt,1,1,1,False
541,slide,gbdt,1,1,1,False
542,slide,gbdt,1,1,0,True
543,slide,gbdt,0,0,3,True
544,slide,gbdt,0,0,1,True
545,slide,gbdt,1,1,1,False
546,slide,gbdt,1,1,1,False
547,slide,gbdt,0,0,3,True
548,slide,gbdt,1,1,1,False
549,slide,gbdt,3,3,1,True
550,slide,gbdt,0,0,0,False
551,slide,gbdt,1,1,1,False
552,slide,gbdt,1,1,1,False
553,slide,gbdt,0,0,0,False
554,slide,gbdt,0,0,3,True
555,slide,gbdt,0,0,0,False
556,slide,gbdt,0,0,1,True
557,slide,gbdt,3,3,1,True
558,slide,gbdt,1,1,1,False
559,slide,gbdt,1,1,3,True
560,slide,gbdt,1,1,1,False
561,slide,gbdt,1,1,1,False
562,slide,gbdt,1,1,1,False
563,slide,gbdt,1,1,0,True
564,slide,gbdt,1,1,1,False
565,slide,gbdt,1,1,1,False
566,slide,gbdt,3,3,1,True
567,slide,gbdt,1,1,0,True
568,slide,gbdt,0,0,3,True
569,slide,gbdt,2,2,2,False
570,slide,gbdt,3,3,1,True
571,slide,gbdt,2,2,2,False
572,slide,gbdt,1,1,1,False
573,slide,gbdt,1,1,0,True
574,slide,gbdt,1,1,3,True
575,slide,gbdt,1,1,1,False
576,slide,gbdt,2,2,1,True
577,slide,gbdt,0,0,0,False
578,slide,gbdt,1,1,1,False
579,slide,gbdt,0,0,1,True
580,slide,gbdt,2,2,0,True
581,slide,gbdt,0,0,0,False
582,slide,gbdt,3,3,4,True
583,slide,gbdt,1,1,1,False
584,slide,gbdt,0,0,0,False
585,slide,gbdt,1,1,1,False
586,slide,gbdt,1,1,0,True
587,slide,gbdt,1,1,1,False
588,slide,gbdt,0,0,3,True
589,slide,gbdt,1,1,0,True
590,slide,gbdt,0,0,0,False
591,slide,gbdt,1,1,1,False
592,slide,gbdt,0,0,0,False
593,slide,gbdt,1,1,0,True
594,slide,gbdt,3,3,1,True
595,slide,gbdt,3,3,1,True
596,slide,gbdt,1,1,0,True
597,slide,gbdt,1,1,1,False
598,slide,gbdt,1,1,1,False
599,slide,gbdt,1,1,2,True
600,slide,gbdt,1,1,1,False
601,slide,gbdt,0,0,0,False
602,slide,gbdt,1,1,1,False
603,slide,gbdt,1,1,1,False
604,slide,gbdt,1,1,1,False
605,slide,gbdt,1,1,1,False
606,slide,gbdt,2,2,1,True
607,slide,gbdt,1,1,1,False
608,slide,gbdt,0,0,3,True
609,slide,gbdt,1,1,1,False
610,slide,gbdt,0,0,1,True
611,slide,gbdt,1,1,0,True
612,slide,gbdt,3,3,4,True
613,slide,gbdt,0,0,0,False
614,slide,gbdt,0,0,3,True
615,slide,gbdt,3,3,0,True
616,slide,gbdt,3,3,1,True
617,slide,gbdt,1,1,1,False
618,slide,gbdt,0,0,0,False
619,slide,gbdt,1,1,0,True
620,slide,gbdt,2,2,1,True
621,slide,gbdt,1,1,2,True
622,slide,gbdt,3,3,3,False
623,slide,gbdt,1,1,2,True
624,slide,gbdt,0,0,0,False
625,slide,gbdt,1,1,0,True
626,slide,gbdt,0,0,3,True
627,slide,gbdt,0,0,0,False
628,slide,gbdt,1,1,0,True
629,slide,gbdt,1,1,1,False
630,slide,gbdt,1,1,3,True
631,slide,gbdt,0,0,0,False
632,slide,gbdt,1,1,1,False
633,slide,gbdt,0,0,0,False
634,slide,gbdt,0,0,1,True
635,slide,gbdt,0,0,1,True
636,slide,gbdt,0,0,0,False
637,slide,gbdt,3,3,1,True
638,slide,gbdt,0,0,0,False
639,slide,gbdt,1,1,1,False
640,slide,gbdt,1,1,1,False
641,slide,gbdt,1,1,1,False
642,slide,gbdt,1,1,0,True
643,slide,gbdt,1,1,1,False
644,slide,gbdt,1,1,1,False
645,slide,gbdt,1,1,1,False
646,slide,gbdt,1,1,0,True
647,slide,gbdt,1,1,1,False
648,slide,gbdt,3,3,1,True
649,slide,gbdt,2,2,2,False
650,slide,gbdt,4,4,4,False
651,slide,gbdt,1,1,0,True
652,slide,gbdt,3,3,3,False
653,slide,gbdt,3,3,1,True
654,slide,gbdt,1,1,1,False
655,slide,gbdt,1,1,0,True
656,slide,gbdt,0,0,3,True
657,slide,gbdt,0,0,0,False
658,slide,gbdt,4,4,1,True
659,slide,gbdt,2,2,4,True
660,slide,gbdt,0,0,0,False
661,slide,gbdt,3,3,1,True
662,slide,gbdt,0,0,0,False
663,slide,gbdt,2,2,2,False
664,slide,gbdt,1,1,0,True
665,slide,gbdt,0,0,0,False
666,slide,gbdt,0,0,3,True
667,slide,gbdt,1,1,1,False
668,slide,gbdt,0,0,3,True
669,slide,gbdt,0,0,3,True
670,slide,gbdt,0,0,0,False
671,slide,gbdt,2,2,2,False
672,slide,gbdt,1,1,0,True
673,slide,gbdt,0,0,0,False
674,slide,gbdt,1,1,3,True
675,slide,gbdt,0,0,3,True
676,slide,gbdt,0,0,0,False
677,slide,gbdt,1,1,1,False
678,slide,gbdt,1,1,1,False
679,slide,gbdt,2,2,4,True
680,slide,gbdt,1,1,0,True
681,slide,gbdt,1,1,1,False
682,slide,gbdt,1,1,1,False
683,slide,gbdt,1,1,0,True
684,slide,gbdt,1,1,1,False
685,slide,gbdt,1,1,4,True
686,slide,gbdt,1,1,0,True
687,slide,gbdt,1,1,0,True
688,slide,gbdt,1,1,0,True
689,slide,gbdt,1,3,3,True
690,slide,gbdt,0,0,0,False
691,slide,gbdt,0,0,0,False
692,slide,gbdt,1,1,1,False
693,slide,gbdt,1,1,1,False
694,slide,gbdt,0,0,0,False
695,slide,gbdt,1,1,1,False
696,slide,gbdt,0,0,1,True
697,slide,gbdt,0,0,0,False
698,slide,gbdt,0,0,3,True
699,slide,gbdt,1,1,0,True
700,slide,gbdt,1,1,1,False
701,slide,gbdt,0,0,0,False
702,slide,gbdt,0,0,0,False
703,slide,gbdt,0,0,0,False
704,slide,gbdt,0,0,2,True
705,slide,gbdt,0,0,2,True
706,slide,gbdt,0,0,0,False
707,slide,gbdt,2,2,3,True
708,slide,gbdt,1,1,1,False
709,slide,gbdt,2,2,2,False
710,slide,gbdt,2,2,2,False
711,slide,gbdt,0,0,0,False
712,slide,gbdt,0,0,3,True
713,slide,gbdt,0,0,1,True
714,slide,gbdt,2,2,0,True
715,slide,gbdt,0,0,0,False
716,slide,gbdt,1,1,1,False
717,slide,gbdt,1,1,0,True
718,slide,gbdt,3,3,1,True
719,slide,gbdt,1,1,1,False
720,slide,gbdt,0,0,0,False
721,slide,gbdt,2,2,1,True
722,slide,gbdt,3,3,1,True
723,slide,gbdt,1,1,0,True
724,slide,gbdt,0,0,1,True
725,slide,gbdt,3,3,1,True
726,slide,gbdt,1,1,2,True
727,slide,gbdt,1,1,3,True
728,slide,gbdt,2,2,1,True
729,slide,gbdt,2,2,0,True
730,slide,gbdt,0,0,0,False
731,slide,gbdt,1,1,1,False
732,slide,gbdt,1,1,1,False
733,slide,gbdt,1,1,0,True
734,slide,gbdt,0,0,0,False
735,slide,gbdt,1,1,1,False
736,slide,gbdt,3,1,1,True
737,slide,gbdt,0,0,3,True
738,slide,gbdt,2,2,0,True
739,slide,gbdt,0,0,0,False
740,slide,gbdt,0,0,0,False
741,slide,gbdt,0,0,0,False
742,slide,gbdt,1,1,3,True
743,slide,gbdt,0,0,3,True
744,slide,gbdt,1,1,1,False
745,slide,gbdt,1,1,1,False
746,slide,gbdt,0,0,3,True
747,slide,gbdt,1,1,1,False
748,slide,gbdt,0,0,0,False
749,slide,gbdt,0,0,3,True
750,slide,gbdt,2,2,3,True
751,slide,gbdt,1,1,1,False
752,slide,gbdt,3,3,4,True
753,slide,gbdt,0,0,0,False
754,slide,gbdt,0,0,0,False
755,slide,gbdt,1,1,1,False
756,slide,gbdt,3,3,4,True
757,slide,gbdt,2,2,2,False
758,slide,gbdt,1,1,3,True
759,slide,gbdt,0,0,0,False
760,slide,gbdt,0,0,0,False
761,slide,gbdt,0,0,0,False
762,slide,gbdt,1,1,1,False
763,slide,gbdt,0,0,1,True
764,slide,gbdt,3,3,0,True
765,slide,gbdt,3,3,1,True
766,slide,gbdt,2,2,2,False
767,slide,gbdt,1,1,0,True
768,slide,gbdt,1,1,0,True
769,slide,gbdt,2,2,1,True
770,slide,gbdt,0,0,0,False
771,slide,gbdt,2,2,2,False
772,slide,gbdt,3,3,4,True
773,slide,gbdt,0,0,3,True
774,slide,gbdt,1,1,1,False
775,slide,gbdt,1,1,0,True
776,slide,gbdt,1,2,1,False
777,slide,gbdt,3,3,1,True
778,slide,gbdt,2,2,3,True
779,slide,gbdt,0,0,1,True
780,slide,gbdt,3,1,1,True
781,slide,gbdt,2,2,0,True
782,slide,gbdt,0,0,0,False
783,slide,gbdt,0,0,3,True
784,slide,gbdt,0,0,1,True
785,slide,gbdt,2,2,1,True
786,slide,gbdt,2,2,1,True
787,slide,gbdt,2,2,0,True
788,slide,gbdt,2,2,3,True
789,slide,gbdt,1,1,1,False
790,slide,gbdt,0,0,3,True
791,slide,gbdt,1,1,1,False
792,slide,gbdt,1,1,1,False
793,slide,gbdt,2,2,2,False
794,slide,gbdt,0,0,3,True
795,slide,gbdt,0,0,0,False
796,slide,gbdt,3,3,3,False
797,slide,gbdt,1,1,1,False
798,slide,gbdt,3,3,1,True
799,slide,gbdt,2,2,3,True
800,slide,gbdt,1,1,0,True
801,slide,gbdt,1,1,1,False
802,slide,gbdt,0,0,3,True
803,slide,gbdt,3,3,3,False
804,slide,gbdt,1,1,0,True
805,slide,gbdt,0,0,3,True
806,slide,gbdt,0,0,0,False
807,slide,gbdt,1,1,0,True
808,slide,gbdt,1,1,0,True
809,slide,gbdt,0,0,0,False
810,slide,gbdt,0,0,1,True
811,slide,gbdt,0,0,0,False
812,slide,gbdt,1,1,1,False
813,slide,gbdt,0,0,0,False
814,slide,gbdt,3,3,4,True
815,slide,gbdt,3,3,4,True
816,slide,gbdt,0,0,0,False
817,slide,gbdt,0,0,0,False
818,slide,gbdt,0,0,0,False
819,slide,gbdt,3,3,1,True
820,slide,gbdt,3,3,3,False
821,slide,gbdt,1,1,0,True
822,slide,gbdt,0,0,0,False
823,slide,gbdt,2,2,2,False
824,slide,gbdt,1,1,1,False
825,slide,gbdt,0,0,1,True
826,slide,gbdt,0,0,1,True
827,slide,gbdt,0,0,0,False
828,slide,gbdt,0,0,0,False
829,slide,gbdt,4,4,3,True
830,slide,gbdt,1,1,1,False
831,slide,gbdt,1,1,0,True
832,slide,gbdt,1,1,1,False
833,slide,gbdt,1,1,1,False
834,slide,gbdt,3,3,3,False
835,slide,gbdt,1,1,0,True
836,slide,gbdt,0,0,1,True
837,slide,gbdt,1,1,0,True
838,slide,gbdt,1,1,1,False
839,slide,gbdt,1,1,1,False
840,slide,gbdt,1,1,0,True
841,slide,gbdt,3,3,4,True
842,slide,gbdt,0,0,0,False
843,slide,gbdt,1,1,0,True
844,slide,gbdt,1,1,0,True
845,slide,gbdt,1,1,0,True
846,slide,gbdt,1,1,1,False
847,slide,gbdt,0,0,3,True
848,slide,gbdt,1,1,1,False
849,slide,gbdt,2,2,2,False
850,slide,gbdt,1,1,0,True
851,slide,gbdt,0,0,0,False
852,slide,gbdt,3,3,4,True
853,slide,gbdt,0,0,0,False
854,slide,gbdt,3,3,1,True
855,slide,gbdt,1,1,1,False
856,slide,gbdt,0,0,0,False
857,slide,gbdt,1,1,3,True
858,slide,gbdt,0,0,3,True
859,slide,gbdt,0,0,0,False
860,slide,gbdt,3,3,1,True
861,slide,gbdt,1,1,0,True
862,slide,gbdt,1,1,1,False
863,slide,gbdt,3,3,1,True
864,slide,gbdt,1,1,1,False
865,slide,gbdt,1,1,4,True
866,slide,gbdt,0,0,0,False
867,slide,gbdt,1,1,2,True
868,slide,gbdt,1,1,1,False
869,slide,gbdt,1,1,1,False
870,slide,gbdt,1,1,0,True
871,slide,gbdt,1,1,1,False
872,slide,gbdt,1,1,2,True
873,slide,gbdt,4,1,1,True
874,slide,gbdt,1,1,1,False
875,slide,gbdt,1,1,1,False
876,slide,gbdt,1,1,1,False
877,slide,gbdt,0,0,1,True
878,slide,gbdt,1,1,1,False
879,slide,gbdt,3,3,4,True
880,slide,gbdt,0,0,1,True
881,slide,gbdt,1,1,0,True
882,slide,gbdt,4,4,4,False
883,slide,gbdt,1,1,3,True
884,slide,gbdt,3,3,3,False
885,slide,gbdt,2,2,0,True
886,slide,gbdt,0,0,3,True
887,slide,gbdt,1,1,2,True
888,slide,gbdt,0,0,0,False
889,slide,gbdt,0,0,0,False
890,slide,gbdt,1,1,1,False
891,slide,gbdt,1,1,1,False
892,slide,gbdt,1,1,1,False
893,slide,gbdt,1,1,1,False
894,slide,gbdt,1,1,1,False
895,slide,gbdt,0,0,0,False
896,slide,gbdt,1,1,1,False
897,slide,gbdt,1,1,0,True
898,slide,gbdt,1,1,1,False
899,slide,gbdt,3,3,1,True
900,slide,gbdt,1,1,1,False
901,slide,gbdt,1,1,3,True
902,slide,gbdt,0,0,3,True
903,slide,gbdt,0,0,3,True
904,slide,gbdt,0,0,0,False
905,slide,gbdt,1,1,1,False
906,slide,gbdt,1,1,0,True
907,slide,gbdt,0,0,1,True
908,slide,gbdt,1,1,1,False
909,slide,gbdt,1,1,1,False
910,slide,gbdt,1,1,1,False
911,slide,gbdt,1,1,1,False
912,slide,gbdt,1,1,1,False
913,slide,gbdt,1,1,0,True
914,slide,gbdt,4,1,1,True
915,slide,gbdt,3,3,1,True
916,slide,gbdt,0,0,0,False
917,slide,gbdt,0,0,1,True
918,slide,gbdt,0,0,3,True
919,slide,gbdt,1,1,0,True
920,slide,gbdt,3,3,1,True
921,slide,gbdt,1,1,1,False
922,slide,gbdt,1,1,1,False
923,slide,gbdt,0,0,1,True
924,slide,gbdt,1,1,1,False
925,slide,gbdt,0,0,3,True
926,slide,gbdt,0,0,1,True
927,slide,gbdt,0,0,3,True
928,slide,gbdt,3,3,4,True
929,slide,gbdt,1,2,1,False
930,slide,gbdt,0,0,0,False
931,slide,gbdt,0,0,3,True
932,slide,gbdt,1,1,1,False
933,slide,gbdt,2,2,3,True
934,slide,gbdt,1,1,0,True
935,slide,gbdt,3,3,1,True
936,slide,gbdt,0,0,0,False
937,slide,gbdt,1,1,3,True
938,slide,gbdt,2,2,3,True
939,slide,gbdt,3,3,3,False
940,slide,gbdt,0,0,3,True
941,slide,gbdt,3,3,1,True
942,slide,gbdt,1,1,1,False
943,slide,gbdt,0,0,3,True
944,slide,gbdt,1,1,3,True
945,slide,gbdt,1,1,1,False
946,slide,gbdt,1,1,1,False
947,slide,gbdt,0,0,0,False
948,slide,gbdt,0,0,0,False
949,slide,gbdt,0,0,3,True
950,slide,gbdt,1,1,0,True
951,slide,gbdt,0,0,0,False
952,slide,gbdt,0,0,0,False
953,slide,gbdt,1,1,1,False
954,slide,gbdt,1,1,1,False
955,slide,gbdt,1,1,1,False
956,slide,gbdt,1,1,1,False
957,slide,gbdt,1,1,1,False
958,slide,gbdt,3,3,1,True
959,slide,gbdt,1,1,0,True
960,slide,gbdt,1,1,1,False
961,slide,gbdt,1,1,1,False
962,slide,gbdt,1,1,1,False
963,slide,gbdt,0,0,3,True
964,slide,gbdt,1,1,0,True
965,slide,gbdt,0,0,3,True
966,slide,gbdt,0,0,3,True
967,slide,gbdt,1,1,2,True
968,slide,gbdt,3,3,1,True
969,slide,gbdt,1,1,1,False
970,slide,gbdt,0,0,3,True
971,slide,gbdt,1,1,2,True
972,slide,gbdt,1,1,0,True
973,slide,gbdt,0,0,0,False
974,slide,gbdt,1,1,1,False
975,slide,gbdt,1,1,1,False
976,slide,gbdt,3,3,1,True
977,slide,gbdt,2,2,1,True
978,slide,gbdt,0,0,0,False
979,slide,gbdt,0,0,3,True
980,slide,gbdt,0,0,0,False
981,slide,gbdt,2,2,2,False
982,slide,gbdt,3,3,1,True
983,slide,gbdt,2,2,0,True
984,slide,gbdt,2,2,2,False
985,slide,gbdt,0,0,0,False
986,slide,gbdt,1,1,0,True
987,slide,gbdt,1,1,1,False
988,slide,gbdt,0,0,0,False
989,slide,gbdt,0,0,3,True
990,slide,gbdt,0,0,1,True
991,slide,gbdt,1,1,1,False
992,slide,gbdt,1,1,0,True
993,slide,gbdt,0,0,0,False
994,slide,gbdt,0,0,1,True
995,slide,gbdt,1,1,1,False
996,slide,gbdt,1,1,0,True
997,slide,gbdt,1,1,0,True
998,slide,gbdt,1,1,3,True
999,slide,gbdt,1,1,1,False
1000,slide,gbdt,0,0,1,True
1001,slide,gbdt,1,1,0,True
1002,slide,gbdt,2,2,2,False
1003,slide,gbdt,1,1,0,True
1004,slide,gbdt,1,1,0,True
1005,slide,gbdt,3,3,1,True
1006,slide,gbdt,0,0,0,False
1007,slide,gbdt,1,1,0,True
1008,slide,gbdt,1,1,1,False
1009,slide,gbdt,0,0,0,False
1010,slide,gbdt,0,0,1,True
1011,slide,gbdt,0,0,1,True
1012,slide,gbdt,3,3,0,True
1013,slide,gbdt,0,0,3,True
1014,slide,gbdt,0,0,0,False
1015,slide,gbdt,0,0,1,True
1016,slide,gbdt,3,3,4,True
1017,slide,gbdt,3,3,1,True
1018,slide,gbdt,0,0,0,False
1019,slide,gbdt,1,1,1,False
1020,slide,gbdt,2,2,0,True
1021,slide,gbdt,0,0,3,True
1022,slide,gbdt,3,3,1,True
1023,slide,gbdt,3,3,1,True
1024,slide,gbdt,2,2,2,False
1025,slide,gbdt,0,0,0,False
1026,slide,gbdt,2,2,0,True
1027,slide,gbdt,1,1,1,False
1028,slide,gbdt,3,3,1,True
1029,slide,gbdt,1,1,1,False
1030,slide,gbdt,0,0,0,False
1031,slide,gbdt,3,3,3,False
1032,slide,gbdt,0,0,3,True
1033,slide,gbdt,0,0,3,True
1034,slide,gbdt,0,0,1,True
1035,slide,gbdt,1,1,1,False
1036,slide,gbdt,2,2,3,True
1037,slide,gbdt,1,1,1,False
1038,slide,gbdt,0,0,1,True
1039,slide,gbdt,1,1,0,True
1040,slide,gbdt,0,0,3,True
1041,slide,gbdt,1,1,1,False
1042,slide,gbdt,1,1,2,True
1043,slide,gbdt,2,2,2,False
1044,slide,gbdt,1,1,1,False
1045,slide,gbdt,1,1,1,False
1046,slide,gbdt,1,1,0,True
1047,slide,gbdt,1,1,1,False
1048,slide,gbdt,3,3,1,True
1049,slide,gbdt,0,0,1,True
1050,slide,gbdt,1,1,0,True
1051,slide,gbdt,1,1,1,False
1052,slide,gbdt,0,0,1,True
1053,slide,gbdt,0,0,0,False
1054,slide,gbdt,0,0,3,True
1055,slide,gbdt,1,1,0,True
1056,slide,gbdt,0,0,0,False
1057,slide,gbdt,0,0,0,False
1058,slide,gbdt,2,2,2,False
1059,slide,gbdt,1,1,0,True
1060,slide,gbdt,1,1,0,True
1061,slide,gbdt,1,1,1,False
1062,slide,gbdt,4,4,3,True
1063,slide,gbdt,2,2,2,False
1064,slide,gbdt,2,2,2,False
1065,slide,gbdt,1,1,0,True
1066,slide,gbdt,1,1,1,False
1067,slide,gbdt,1,1,1,False
1068,slide,gbdt,2,2,3,True
1069,slide,gbdt,1,1,0,True
1070,slide,gbdt,0,0,0,False
1071,slide,gbdt,1,1,1,False
1072,slide,gbdt,1,1,1,False
1073,slide,gbdt,0,0,1,True
1074,slide,gbdt,0,0,0,False
1075,slide,gbdt,1,1,1,False
1076,slide,gbdt,3,3,1,True
1077,slide,gbdt,0,0,1,True
1078,slide,gbdt,0,0,0,False
1079,slide,gbdt,0,0,1,True
1080,slide,gbdt,3,3,4,True
1081,slide,gbdt,1,1,0,True
1082,slide,gbdt,0,0,0,False
1083,slide,gbdt,0,0,0,False
1084,slide,gbdt,0,0,3,True
1085,slide,gbdt,0,0,0,False
1086,slide,gbdt,0,0,0,False
1087,slide,gbdt,1,1,1,False
1088,slide,gbdt,3,3,1,True
1089,slide,gbdt,1,1,1,False
1090,slide,gbdt,2,2,2,False
1091,slide,gbdt,1,1,0,True
1092,slide,gbdt,1,1,4,True
1093,slide,gbdt,1,1,2,True
1094,slide,gbdt,1,1,1,False
1095,slide,gbdt,0,0,1,True
1096,slide,gbdt,2,2,2,False
1097,slide,gbdt,0,0,0,False
1098,slide,gbdt,2,2,2,False
1099,slide,gbdt,1,1,0,True
1100,slide,gbdt,2,2,3,True
1101,slide,gbdt,2,4,3,True
1102,slide,gbdt,3,3,3,False
1103,slide,gbdt,3,1,1,True
1104,slide,gbdt,0,0,1,True
1105,slide,gbdt,0,0,0,False
1106,slide,gbdt,3,3,1,True
1107,slide,gbdt,1,1,3,True
1108,slide,gbdt,2,2,3,True
1109,slide,gbdt,3,3,1,True
1110,slide,gbdt,0,0,0,False
1111,slide,gbdt,0,0,0,False
1112,slide,gbdt,1,1,1,False
1113,slide,gbdt,2,2,3,True
1114,slide,gbdt,1,1,1,False
1115,slide,gbdt,1,1,1,False
1116,slide,gbdt,0,0,0,False
1117,slide,gbdt,1,1,3,True
1118,slide,gbdt,1,1,1,False
1119,slide,gbdt,2,2,2,False
1120,slide,gbdt,1,1,1,False
1121,slide,gbdt,1,1,1,False
1122,slide,gbdt,1,1,1,False
1123,slide,gbdt,1,1,3,True
1124,slide,gbdt,0,0,0,False
1125,slide,gbdt,1,1,1,False
1126,slide,gbdt,1,1,1,False
1127,slide,gbdt,0,0,0,False
1128,slide,gbdt,3,3,4,True
1129,slide,gbdt,1,1,0,True
1130,slide,gbdt,0,1,1,True
1131,slide,gbdt,1,1,2,True
1132,slide,gbdt,0,0,1,True
1133,slide,gbdt,0,0,0,False
1134,slide,gbdt,3,3,0,True
1135,slide,gbdt,1,1,1,False
1136,slide,gbdt,0,0,0,False
1137,slide,gbdt,1,1,0,True
1138,slide,gbdt,3,3,1,True
1139,slide,gbdt,0,0,0,False
1140,slide,gbdt,3,3,4,True
1141,slide,gbdt,0,0,0,False
1142,slide,gbdt,1,1,1,False
1143,slide,gbdt,2,2,3,True
1144,slide,gbdt,1,1,1,False
1145,slide,gbdt,3,3,3,False
1146,slide,gbdt,2,2,0,True
1147,slide,gbdt,3,3,4,True
1148,slide,gbdt,2,2,2,False
1149,slide,gbdt,0,0,0,False
1150,slide,gbdt,1,1,0,True
1151,slide,gbdt,0,0,0,False
1152,slide,gbdt,0,0,3,True
1153,slide,gbdt,0,0,1,True
1154,slide,gbdt,1,1,1,False
1155,slide,gbdt,1,1,3,True
1156,slide,gbdt,3,3,3,False
1157,slide,gbdt,0,0,3,True
1158,slide,gbdt,0,0,1,True
1159,slide,gbdt,1,1,1,False
1160,slide,gbdt,1,1,1,False
1161,slide,gbdt,1,3,2,True
1162,slide,gbdt,1,1,0,True
1163,slide,gbdt,0,0,0,False
1164,slide,gbdt,1,1,3,True
1165,slide,gbdt,0,0,3,True
1166,slide,gbdt,3,3,4,True
1167,slide,gbdt,0,0,0,False
1168,slide,gbdt,1,1,3,True
1169,slide,gbdt,0,0,0,False
1170,slide,gbdt,1,1,1,False
1171,slide,gbdt,4,4,3,True
1172,slide,gbdt,0,0,0,False
1173,slide,gbdt,1,1,0,True
1174,slide,gbdt,1,1,3,True
1175,slide,gbdt,1,1,1,False
1176,slide,gbdt,0,0,0,False
1177,slide,gbdt,3,3,1,True
1178,slide,gbdt,0,0,3,True
1179,slide,gbdt,1,1,0,True
1180,slide,gbdt,0,0,0,False
1181,slide,gbdt,2,2,3,True
1182,slide,gbdt,2,2,2,False
1183,slide,gbdt,0,0,0,False
1184,slide,gbdt,0,0,3,True
1185,slide,gbdt,3,3,1,True
1186,slide,gbdt,0,0,3,True
1187,slide,gbdt,1,1,1,False
1188,slide,gbdt,1,1,3,True
1189,slide,gbdt,0,0,1,True
1190,slide,gbdt,1,1,0,True
1191,slide,gbdt,3,3,1,True
1192,slide,gbdt,1,1,1,False
1193,slide,gbdt,2,2,0,True
1194,slide,gbdt,2,2,3,True
1195,slide,gbdt,1,1,2,True
1196,slide,gbdt,1,1,1,False
1197,slide,gbdt,0,0,3,True
1198,slide,gbdt,1,1,0,True
1199,slide,gbdt,1,1,1,False
1200,slide,gbdt,3,1,1,True
1201,slide,gbdt,1,1,0,True
1202,slide,gbdt,1,1,1,False
1203,slide,gbdt,3,3,1,True
1204,slide,gbdt,0,0,1,True
1205,slide,gbdt,2,2,2,False
1206,slide,gbdt,1,1,1,False
1207,slide,gbdt,1,1,1,False
1208,slide,gbdt,0,0,1,True
1209,slide,gbdt,2,2,0,True
1210,slide,gbdt,3,3,3,False
1211,slide,gbdt,0,0,3,True
1212,slide,gbdt,0,0,0,False
1213,slide,gbdt,1,1,0,True
1214,slide,gbdt,1,1,1,False
1215,slide,gbdt,1,1,3,True
1216,slide,gbdt,0,0,0,False
1217,slide,gbdt,0,0,0,False
1218,slide,gbdt,3,3,4,True
1219,slide,gbdt,0,0,1,True
1220,slide,gbdt,0,0,0,False
1221,slide,gbdt,2,2,1,True
1222,slide,gbdt,0,0,1,True
1223,slide,gbdt,1,1,2,True
1224,slide,gbdt,3,4,4,True
1225,slide,gbdt,2,2,1,True
1226,slide,gbdt,1,1,0,True
1227,slide,gbdt,3,3,4,True
1228,slide,gbdt,1,1,2,True
1229,slide,gbdt,1,1,3,True
1230,slide,gbdt,0,0,0,False
1231,slide,gbdt,1,1,1,False
1232,slide,gbdt,1,1,1,False
1233,slide,gbdt,0,0,0,False
1234,slide,gbdt,0,0,0,False
1235,slide,gbdt,1,1,2,True
1236,slide,gbdt,1,1,1,False
1237,slide,gbdt,0,0,0,False
1238,slide,gbdt,3,3,4,True
1239,slide,gbdt,1,1,0,True
1240,slide,gbdt,4,4,4,False
1241,slide,gbdt,1,1,1,False
1242,slide,gbdt,2,2,0,True
1243,slide,gbdt,3,3,1,True
1244,slide,gbdt,1,1,0,True
1245,slide,gbdt,1,1,1,False
1246,slide,gbdt,1,1,1,False
1247,slide,gbdt,2,2,2,False
1248,slide,gbdt,1,1,0,True
1249,slide,gbdt,2,2,3,True
1250,slide,gbdt,0,0,3,True
1251,slide,gbdt,1,1,0,True
1252,slide,gbdt,0,0,1,True
1253,slide,gbdt,1,1,3,True
1254,slide,gbdt,0,0,0,False
1255,slide,gbdt,1,1,1,False
1256,slide,gbdt,0,0,1,True
1257,slide,gbdt,1,1,1,False
1258,slide,gbdt,0,0,0,False
1259,slide,gbdt,1,1,1,False
1260,slide,gbdt,1,1,1,False
1261,slide,gbdt,1,1,0,True
1262,slide,gbdt,0,0,1,True
1263,slide,gbdt,0,0,3,True
1264,slide,gbdt,1,1,1,False
1265,slide,gbdt,0,0,1,True
1266,slide,gbdt,0,0,3,True
1267,slide,gbdt,2,2,1,True
1268,slide,gbdt,2,2,3,True
1269,slide,gbdt,0,0,0,False
1270,slide,gbdt,2,2,1,True
1271,slide,gbdt,0,0,1,True
1272,slide,gbdt,1,1,1,False
1273,slide,gbdt,1,3,3,True
1274,slide,gbdt,4,4,3,True
1275,slide,gbdt,0,0,0,False
1276,slide,gbdt,0,0,3,True
1277,slide,gbdt,0,0,3,True
1278,slide,gbdt,1,1,1,False
1279,slide,gbdt,1,1,1,False
1280,slide,gbdt,1,1,1,False
1281,slide,gbdt,2,2,2,False
1282,slide,gbdt,0,0,0,False
1283,slide,gbdt,1,1,1,False
1284,slide,gbdt,0,0,0,False
1285,slide,gbdt,3,3,1,True
1286,slide,gbdt,1,1,2,True
1287,slide,gbdt,1,1,3,True
1288,slide,gbdt,1,1,1,False
1289,slide,gbdt,0,0,3,True
1290,slide,gbdt,0,0,0,False
1291,slide,gbdt,2,2,3,True
1292,slide,gbdt,1,1,1,False
1293,slide,gbdt,1,1,1,False
1294,slide,gbdt,0,0,0,False
1295,slide,gbdt,0,0,0,False
1296,slide,gbdt,2,2,3,True
1297,slide,gbdt,2,2,2,False
1298,slide,gbdt,0,0,0,False
1299,slide,gbdt,0,0,0,False
1300,slide,gbdt,1,1,1,False
1301,slide,gbdt,1,1,1,False
1302,slide,gbdt,0,0,1,True
1303,slide,gbdt,1,1,1,False
1304,slide,gbdt,1,1,1,False
1305,slide,gbdt,0,0,0,False
1306,slide,gbdt,0,0,3,True
1307,slide,gbdt,1,1,1,False
1308,slide,gbdt,1,2,0,True
1309,slide,gbdt,0,0,3,True
1310,slide,gbdt,1,1,1,False
1311,slide,gbdt,1,1,4,True
1312,slide,gbdt,3,3,1,True
1313,slide,gbdt,1,1,3,True
1314,slide,gbdt,1,1,0,True
1315,slide,gbdt,0,0,1,True
1316,slide,gbdt,0,0,0,False
1317,slide,gbdt,1,3,3,True
1318,slide,gbdt,3,3,4,True
1319,slide,gbdt,1,1,1,False
1320,slide,gbdt,4,4,4,False
1321,slide,gbdt,2,2,0,True
1322,slide,gbdt,1,1,1,False
1323,slide,gbdt,0,0,0,False
1324,slide,gbdt,0,0,0,False
1325,slide,gbdt,0,0,0,False
1326,slide,gbdt,0,0,0,False
1327,slide,gbdt,0,0,0,False
1328,slide,gbdt,0,0,3,True
1329,slide,gbdt,1,1,1,False
1330,slide,gbdt,0,0,3,True
1331,slide,gbdt,1,1,1,False
1332,slide,gbdt,1,1,4,True
1333,slide,gbdt,3,3,1,True
1334,slide,gbdt,3,3,1,True
1335,slide,gbdt,0,0,0,False
1336,slide,gbdt,0,0,0,False
1337,slide,gbdt,1,1,2,True
1338,slide,gbdt,3,3,1,True
1339,slide,gbdt,3,3,3,False
1340,slide,gbdt,3,3,1,True
1341,slide,gbdt,1,1,1,False
1342,slide,gbdt,1,1,1,False
1343,slide,gbdt,1,1,0,True
1344,slide,gbdt,1,1,1,False
1345,slide,gbdt,0,0,0,False
1346,slide,gbdt,1,1,4,True
1347,slide,gbdt,3,3,4,True
1348,slide,gbdt,2,2,2,False
1349,slide,gbdt,0,0,0,False
1350,slide,gbdt,1,1,1,False
1351,slide,gbdt,1,1,0,True
1352,slide,gbdt,1,1,1,False
1353,slide,gbdt,0,0,1,True
1354,slide,gbdt,1,1,1,False
1355,slide,gbdt,2,2,2,False
1356,slide,gbdt,1,1,3,True
1357,slide,gbdt,1,1,0,True
1358,slide,gbdt,2,2,1,True
1359,slide,gbdt,0,0,0,False
1360,slide,gbdt,1,1,1,False
1361,slide,gbdt,1,1,1,False
1362,slide,gbdt,1,1,0,True
1363,slide,gbdt,0,0,0,False
1364,slide,gbdt,1,1,1,False
1365,slide,gbdt,0,0,0,False
1366,slide,gbdt,3,3,3,False
1367,slide,gbdt,0,0,0,False
1368,slide,gbdt,1,1,1,False
1369,slide,gbdt,3,3,1,True
1370,slide,gbdt,1,1,0,True
1371,slide,gbdt,0,0,0,False
1372,slide,gbdt,0,0,0,False
1373,slide,gbdt,3,3,4,True
1374,slide,gbdt,1,1,1,False
1375,slide,gbdt,0,0,3,True
1376,slide,gbdt,0,0,1,True
1377,slide,gbdt,0,0,3,True
1378,slide,gbdt,1,1,1,False
1379,slide,gbdt,0,0,0,False
1380,slide,gbdt,4,3,4,False
1381,slide,gbdt,3,3,1,True
1382,slide,gbdt,0,0,3,True
1383,slide,gbdt,1,1,0,True
1384,slide,gbdt,3,3,1,True
1385,slide,gbdt,1,1,1,False
1386,slide,gbdt,1,1,1,False
1387,slide,gbdt,0,0,1,True
1388,slide,gbdt,1,1,0,True
1389,slide,gbdt,0,0,1,True
1390,slide,gbdt,1,1,1,False
1391,slide,gbdt,1,1,0,True
1392,slide,gbdt,0,0,0,False
1393,slide,gbdt,1,1,1,False
1394,slide,gbdt,1,1,0,True
1395,slide,gbdt,1,1,1,False
1396,slide,gbdt,1,1,1,False
1397,slide,gbdt,3,3,1,True
1398,slide,gbdt,4,4,3,True
1399,slide,gbdt,2,2,2,False
1400,slide,gbdt,0,0,0,False
1401,slide,gbdt,0,0,1,True
1402,slide,gbdt,0,0,0,False
1403,slide,gbdt,1,1,1,False
1404,slide,gbdt,2,2,0,True
1405,slide,gbdt,2,2,1,True
1406,slide,gbdt,3,3,4,True
1407,slide,gbdt,1,1,3,True
1408,slide,gbdt,0,0,0,False
1409,slide,gbdt,2,2,3,True
1410,slide,gbdt,1,1,1,False
1411,slide,gbdt,2,2,4,True
1412,slide,gbdt,0,0,1,True
1413,slide,gbdt,3,3,1,True
1414,slide,gbdt,1,1,1,False
1415,slide,gbdt,0,0,3,True
1416,slide,gbdt,2,2,2,False
1417,slide,gbdt,0,0,1,True
1418,slide,gbdt,2,2,2,False
1419,slide,gbdt,1,1,4,True
1420,slide,gbdt,0,0,0,False
1421,slide,gbdt,2,2,1,True
1422,slide,gbdt,1,1,1,False
1423,slide,gbdt,1,1,0,True
1424,slide,gbdt,0,0,0,False
1425,slide,gbdt,1,1,0,True
1426,slide,gbdt,2,2,3,True
1427,slide,gbdt,1,1,1,False
1428,slide,gbdt,1,1,3,True
1429,slide,gbdt,0,0,0,False
1430,slide,gbdt,0,0,0,False
1431,slide,gbdt,0,0,0,False
1432,slide,gbdt,1,1,4,True
1433,slide,gbdt,0,0,3,True
1434,slide,gbdt,3,3,1,True
1435,slide,gbdt,1,1,0,True
1436,slide,gbdt,2,2,4,True
1437,slide,gbdt,0,0,0,False
1438,slide,gbdt,1,1,1,False
1439,slide,gbdt,0,0,0,False
1440,slide,gbdt,0,0,0,False
1441,slide,gbdt,3,3,1,True
1442,slide,gbdt,2,2,0,True
1443,slide,gbdt,1,1,0,True
1444,slide,gbdt,0,0,0,False
1445,slide,gbdt,1,1,1,False
1446,slide,gbdt,2,2,3,True
1447,slide,gbdt,3,3,1,True
1448,slide,gbdt,1,1,0,True
1449,slide,gbdt,0,0,3,True
1450,slide,gbdt,0,0,3,True
1451,slide,gbdt,1,1,2,True
1452,slide,gbdt,2,2,1,True
1453,slide,gbdt,0,0,0,False
1454,slide,gbdt,0,0,1,True
1455,slide,gbdt,0,0,0,False
1456,slide,gbdt,3,3,4,True
1457,slide,gbdt,1,1,1,False
1458,slide,gbdt,1,1,1,False
1459,slide,gbdt,1,1,1,False
1460,slide,gbdt,2,2,3,True
1461,slide,gbdt,1,1,1,False
1462,slide,gbdt,0,0,0,False
1463,slide,gbdt,0,0,1,True
1464,slide,gbdt,2,2,1,True
1465,slide,gbdt,1,1,0,True
1466,slide,gbdt,1,1,0,True
1467,slide,gbdt,2,2,0,True
1468,slide,gbdt,0,0,0,False
1469,slide,gbdt,2,2,2,False
1470,slide,gbdt,2,2,1,True
1471,slide,gbdt,0,0,0,False
1472,slide,gbdt,2,2,2,False
1473,slide,gbdt,0,0,0,False
1474,slide,gbdt,0,0,0,False
1475,slide,gbdt,0,0,3,True
1476,slide,gbdt,0,0,3,True
1477,slide,gbdt,1,1,1,False
1478,slide,gbdt,0,0,0,False
1479,slide,gbdt,0,0,1,True
1480,slide,gbdt,1,1,1,False
1481,slide,gbdt,3,3,4,True
1482,slide,gbdt,0,0,0,False
1483,slide,gbdt,1,1,1,False
1484,slide,gbdt,1,1,0,True
1485,slide,gbdt,1,2,4,True
1486,slide,gbdt,1,1,1,False
1487,slide,gbdt,2,2,1,True
1488,slide,gbdt,0,0,3,True
1489,slide,gbdt,0,0,0,False
1490,slide,gbdt,0,0,3,True
1491,slide,gbdt,3,3,1,True
1492,slide,gbdt,1,1,1,False
1493,slide,gbdt,3,3,1,True
1494,slide,gbdt,0,0,0,False
1495,slide,gbdt,0,0,0,False
1496,slide,gbdt,3,3,0,True
1497,slide,gbdt,1,1,1,False
1498,slide,gbdt,1,1,1,False
1499,slide,gbdt,1,1,1,False
1500,slide,gbdt,0,0,3,True
1501,slide,gbdt,2,2,1,True
1502,slide,gbdt,0,0,0,False
1503,slide,gbdt,1,1,1,False
1504,slide,gbdt,1,1,1,False
1505,slide,gbdt,0,0,1,True
1506,slide,gbdt,1,1,1,False
1507,slide,gbdt,3,3,4,True
1508,slide,gbdt,2,2,3,True
1509,slide,gbdt,0,0,3,True
1510,slide,gbdt,0,0,2,True
1511,slide,gbdt,0,0,3,True
1512,slide,gbdt,0,0,3,True
1513,slide,gbdt,1,1,1,False
1514,slide,gbdt,1,1,1,False
1515,slide,gbdt,0,0,3,True
1516,slide,gbdt,3,3,1,True
1517,slide,gbdt,0,0,0,False
1518,slide,gbdt,1,1,1,False
1519,slide,gbdt,0,0,0,False
1520,slide,gbdt,2,2,3,True
1521,slide,gbdt,1,1,1,False
1522,slide,gbdt,0,0,3,True
1523,slide,gbdt,0,0,3,True
1524,slide,gbdt,1,1,0,True
1525,slide,gbdt,0,0,0,False
1526,slide,gbdt,1,1,1,False
1527,slide,gbdt,1,1,1,False
1528,slide,gbdt,1,1,1,False
1529,slide,gbdt,1,1,0,True
1530,slide,gbdt,2,2,0,True
1531,slide,gbdt,2,2,1,True
1532,slide,gbdt,1,1,1,False
1533,slide,gbdt,2,2,1,True
1534,slide,gbdt,2,2,2,False
1535,slide,gbdt,1,1,1,False
1536,slide,gbdt,0,0,4,True
1537,slide,gbdt,3,3,1,True
1538,slide,gbdt,1,1,1,False
1539,slide,gbdt,0,0,3,True
1540,slide,gbdt,1,1,1,False
1541,slide,gbdt,1,1,1,False
1542,slide,gbdt,0,0,1,True
1543,slide,gbdt,0,0,1,True
1544,slide,gbdt,1,1,1,False
1545,slide,gbdt,1,1,0,True
1546,slide,gbdt,1,1,0,True
1547,slide,gbdt,1,1,1,False
1548,slide,gbdt,2,2,0,True
1549,slide,gbdt,3,3,1,True
1550,slide,gbdt,0,0,0,False
1551,slide,gbdt,0,0,0,False
1552,slide,gbdt,2,2,2,False
1553,slide,gbdt,0,0,3,True
1554,slide,gbdt,1,1,1,False
1555,slide,gbdt,2,2,2,False
1556,slide,gbdt,0,0,0,False
1557,slide,gbdt,0,0,0,False
1558,slide,gbdt,0,0,0,False
1559,slide,gbdt,0,0,3,True
1560,slide,gbdt,1,1,1,False
1561,slide,gbdt,1,1,4,True
1562,slide,gbdt,3,3,1,True
1563,slide,gbdt,0,0,1,True
1564,slide,gbdt,1,1,0,True
1565,slide,gbdt,1,1,0,True
1566,slide,gbdt,1,1,3,True
1567,slide,gbdt,2,1,0,True
1568,slide,gbdt,3,3,1,True
1569,slide,gbdt,2,2,3,True
1570,slide,gbdt,3,3,1,True
1571,slide,gbdt,0,0,1,True
1572,slide,gbdt,0,0,1,True
1573,slide,gbdt,1,1,1,False
1574,slide,gbdt,1,1,1,False
1575,slide,gbdt,1,1,1,False
1576,slide,gbdt,0,0,0,False
1577,slide,gbdt,0,0,1,True
1578,slide,gbdt,0,0,0,False
1579,slide,gbdt,1,1,1,False
1580,slide,gbdt,1,1,1,False
1581,slide,gbdt,1,1,1,False
1582,slide,gbdt,1,1,0,True
1583,slide,gbdt,2,2,3,True
1584,slide,gbdt,1,1,1,False
1585,slide,gbdt,1,1,0,True
1586,slide,gbdt,4,4,3,True
1587,slide,gbdt,3,3,3,False
1588,slide,gbdt,1,1,0,True
1589,slide,gbdt,1,1,2,True
1590,slide,gbdt,0,0,3,True
1591,slide,gbdt,1,1,0,True
1592,slide,gbdt,0,0,0,False
1593,slide,gbdt,1,1,1,False
1594,slide,gbdt,1,1,0,True
1595,slide,gbdt,2,2,3,True
1596,slide,gbdt,0,0,1,True
1597,slide,gbdt,3,3,4,True
1598,slide,gbdt,1,3,3,True
1599,slide,gbdt,0,0,3,True
1600,slide,gbdt,2,2,3,True
1601,slide,gbdt,3,3,4,True
1602,slide,gbdt,2,2,3,True
1603,slide,gbdt,0,0,0,False
1604,slide,gbdt,0,0,3,True
1605,slide,gbdt,1,1,4,True
1606,slide,gbdt,0,0,1,True
1607,slide,gbdt,1,1,0,True
1608,slide,gbdt,1,1,0,True
1609,slide,gbdt,1,1,0,True
1610,slide,gbdt,2,2,2,False
1611,slide,gbdt,2,2,1,True
1612,slide,gbdt,3,3,1,True
1613,slide,gbdt,0,0,0,False
1614,slide,gbdt,3,3,1,True
1615,slide,gbdt,3,3,1,True
1616,slide,gbdt,1,1,1,False
1617,slide,gbdt,1,1,1,False
1618,slide,gbdt,1,1,1,False
1619,slide,gbdt,0,0,0,False
1620,slide,gbdt,1,1,1,False
1621,slide,gbdt,1,1,1,False
1622,slide,gbdt,0,0,0,False
1623,slide,gbdt,1,1,1,False
1624,slide,gbdt,3,3,1,True
1625,slide,gbdt,1,1,1,False
1626,slide,gbdt,0,0,0,False
1627,slide,gbdt,3,3,3,False
1628,slide,gbdt,0,0,1,True
1629,slide,gbdt,1,1,1,False
1630,slide,gbdt,3,3,1,True
1631,slide,gbdt,1,1,4,True
1632,slide,gbdt,3,3,1,True
1633,slide,gbdt,0,0,3,True
1634,slide,gbdt,1,1,0,True
1635,slide,gbdt,1,1,1,False
1636,slide,gbdt,1,1,1,False
1637,slide,gbdt,1,1,1,False
1638,slide,gbdt,0,0,3,True
1639,slide,gbdt,1,1,0,True
1640,slide,gbdt,3,3,3,False
1641,slide,gbdt,0,0,3,True
1642,slide,gbdt,3,3,0,True
1643,slide,gbdt,0,0,0,False
1644,slide,gbdt,2,2,1,True
1645,slide,gbdt,1,1,0,True
1646,slide,gbdt,1,1,1,False
1647,slide,gbdt,1,1,1,False
1648,slide,gbdt,3,3,4,True
1649,slide,gbdt,0,0,0,False
1650,slide,gbdt,0,0,0,False
1651,slide,gbdt,0,0,0,False
1652,slide,gbdt,2,2,2,False
1653,slide,gbdt,1,1,1,False
1654,slide,gbdt,2,2,1,True
1655,slide,gbdt,3,3,1,True
1656,slide,gbdt,1,1,0,True
1657,slide,gbdt,3,3,1,True
1658,slide,gbdt,3,3,3,False
1659,slide,gbdt,1,1,0,True
1660,slide,gbdt,0,0,1,True
1661,slide,gbdt,1,1,1,False
1662,slide,gbdt,0,0,0,False
1663,slide,gbdt,0,0,0,False
1664,slide,gbdt,1,1,0,True
1665,slide,gbdt,3,3,1,True
1666,slide,gbdt,0,0,0,False
1667,slide,gbdt,0,0,0,False
1668,slide,gbdt,1,1,0,True
1669,slide,gbdt,0,0,0,False
1670,slide,gbdt,3,3,4,True
1671,slide,gbdt,0,0,0,False
1672,slide,gbdt,0,0,0,False
1673,slide,gbdt,0,0,0,False
1674,slide,gbdt,0,0,1,True
1675,slide,gbdt,2,2,1,True
1676,slide,gbdt,1,1,1,False
1677,slide,gbdt,1,1,0,True
1678,slide,gbdt,3,3,1,True
1679,slide,gbdt,3,3,1,True
1680,slide,gbdt,0,0,0,False
1681,slide,gbdt,0,0,0,False
1682,slide,gbdt,0,0,0,False
1683,slide,gbdt,1,1,1,False
1684,slide,gbdt,0,0,3,True
1685,slide,gbdt,0,0,0,False
1686,slide,gbdt,1,1,1,False
1687,slide,gbdt,0,0,3,True
1688,slide,gbdt,2,2,1,True
1689,slide,gbdt,3,3,4,True
1690,slide,gbdt,1,1,0,True
1691,slide,gbdt,3,3,1,True
1692,slide,gbdt,1,1,4,True
1693,slide,gbdt,0,0,3,True
1694,slide,gbdt,0,0,3,True
1695,slide,gbdt,3,3,4,True
1696,slide,gbdt,2,2,2,False
1697,slide,gbdt,2,2,1,True
1698,slide,gbdt,2,2,3,True
1699,slide,gbdt,1,1,1,False
1700,slide,gbdt,2,2,1,True
1701,slide,gbdt,2,2,3,True
1702,slide,gbdt,1,1,3,True
1703,slide,gbdt,3,3,3,False
1704,slide,gbdt,1,1,0,True
1705,slide,gbdt,3,3,1,True
1706,slide,gbdt,3,3,1,True
1707,slide,gbdt,2,2,3,True
1708,slide,gbdt,0,0,0,False
1709,slide,gbdt,0,0,3,True
1710,slide,gbdt,0,0,3,True
1711,slide,gbdt,3,3,4,True
1712,slide,gbdt,1,1,1,False
1713,slide,gbdt,3,3,1,True
1714,slide,gbdt,1,1,1,False
1715,slide,gbdt,1,1,1,False
1716,slide,gbdt,1,1,1,False
1717,slide,gbdt,0,0,0,False
1718,slide,gbdt,1,1,0,True
1719,slide,gbdt,2,2,0,True
1720,slide,gbdt,1,1,1,False
1721,slide,gbdt,1,1,0,True
1722,slide,gbdt,0,0,0,False
1723,slide,gbdt,0,0,0,False
1724,slide,gbdt,0,0,0,False
1725,slide,gbdt,1,1,2,True
1726,slide,gbdt,1,1,1,False
1727,slide,gbdt,1,1,1,False
1728,slide,gbdt,2,2,1,True
1729,slide,gbdt,1,1,0,True
1730,slide,gbdt,0,0,3,True
1731,slide,gbdt,1,1,1,False
1732,slide,gbdt,1,1,1,False
1733,slide,gbdt,1,1,1,False
1734,slide,gbdt,0,0,1,True
1735,slide,gbdt,1,1,2,True
1736,slide,gbdt,1,1,1,False
1737,slide,gbdt,3,3,1,True
1738,slide,gbdt,1,1,1,False
1739,slide,gbdt,1,1,3,True
1740,slide,gbdt,0,0,1,True
1741,slide,gbdt,1,1,4,True
1742,slide,gbdt,1,1,0,True
1743,slide,gbdt,1,1,1,False
1744,slide,gbdt,1,1,1,False
1745,slide,gbdt,2,2,3,True
1746,slide,gbdt,1,1,0,True
1747,slide,gbdt,3,3,3,False
1748,slide,gbdt,2,2,2,False
1749,slide,gbdt,1,1,1,False
1750,slide,gbdt,1,1,4,True
1751,slide,gbdt,1,1,1,False
1752,slide,gbdt,0,0,3,True
1753,slide,gbdt,3,1,4,True
1754,slide,gbdt,3,3,1,True
1755,slide,gbdt,0,0,0,False
1756,slide,gbdt,1,1,0,True
1757,slide,gbdt,0,0,0,False
1758,slide,gbdt,0,0,0,False
1759,slide,gbdt,0,0,0,False
1760,slide,gbdt,4,4,4,False
1761,slide,gbdt,0,0,3,True
1762,slide,gbdt,0,0,0,False
1763,slide,gbdt,1,1,1,False
1764,slide,gbdt,0,0,0,False
1765,slide,gbdt,1,1,1,False
1766,slide,gbdt,1,1,1,False
1767,slide,gbdt,1,1,1,False
1768,slide,gbdt,4,4,4,False
1769,slide,gbdt,1,1,3,True
1770,slide,gbdt,1,1,0,True
1771,slide,gbdt,1,1,0,True
1772,slide,gbdt,1,1,0,True
1773,slide,gbdt,1,1,2,True
1774,slide,gbdt,0,0,3,True
1775,slide,gbdt,1,1,1,False
1776,slide,gbdt,1,1,0,True
1777,slide,gbdt,0,0,3,True
1778,slide,gbdt,1,1,3,True
1779,slide,gbdt,0,0,1,True
1780,slide,gbdt,1,1,1,False
1781,slide,gbdt,1,1,1,False
1782,slide,gbdt,0,0,1,True
1783,slide,gbdt,0,0,0,False
1784,slide,gbdt,1,1,1,False
1785,slide,gbdt,1,1,3,True
1786,slide,gbdt,0,0,0,False
1787,slide,gbdt,1,1,1,False
1788,slide,gbdt,0,0,0,False
1789,slide,gbdt,3,3,3,False
1790,slide,gbdt,3,3,4,True
1791,slide,gbdt,1,1,1,False
1792,slide,gbdt,0,0,0,False
1793,slide,gbdt,2,2,2,False
1794,slide,gbdt,2,2,3,True
1795,slide,gbdt,1,1,0,True
1796,slide,gbdt,0,0,3,True
1797,slide,gbdt,1,1,1,False
1798,slide,gbdt,1,1,4,True
1799,slide,gbdt,1,1,1,False
1800,slide,gbdt,1,1,1,False
1801,slide,gbdt,1,1,1,False
1802,slide,gbdt,1,1,1,False
1803,slide,gbdt,0,0,0,False
1804,slide,gbdt,1,1,1,False
1805,slide,gbdt,1,1,1,False
1806,slide,gbdt,2,2,0,True
1807,slide,gbdt,1,1,1,False
1808,slide,gbdt,3,3,1,True
1809,slide,gbdt,0,0,0,False
1810,slide,gbdt,1,1,0,True
1811,slide,gbdt,1,1,0,True
1812,slide,gbdt,3,3,1,True
1813,slide,gbdt,2,4,1,True
1814,slide,gbdt,0,0,1,True
1815,slide,gbdt,1,1,0,True
1816,slide,gbdt,1,1,1,False
1817,slide,gbdt,0,0,0,False
1818,slide,gbdt,1,1,0,True
1819,slide,gbdt,3,3,4,True
1820,slide,gbdt,1,1,1,False
1821,slide,gbdt,1,1,0,True
1822,slide,gbdt,1,1,1,False
1823,slide,gbdt,0,0,0,False
1824,slide,gbdt,2,2,2,False
1825,slide,gbdt,1,1,1,False
1826,slide,gbdt,1,1,1,False
1827,slide,gbdt,2,2,1,True
1828,slide,gbdt,1,1,0,True
1829,slide,gbdt,1,1,3,True
1830,slide,gbdt,0,0,1,True
1831,slide,gbdt,0,0,3,True
1832,slide,gbdt,0,0,0,False
1833,slide,gbdt,2,2,3,True
1834,slide,gbdt,3,3,1,True
1835,slide,gbdt,3,3,1,True
1836,slide,gbdt,0,0,3,True
1837,slide,gbdt,1,1,1,False
1838,slide,gbdt,1,1,0,True
1839,slide,gbdt,1,1,3,True
1840,slide,gbdt,2,2,3,True
1841,slide,gbdt,0,0,0,False
1842,slide,gbdt,0,0,0,False
1843,slide,gbdt,1,1,1,False
1844,slide,gbdt,1,1,0,True
1845,slide,gbdt,1,1,1,False
1846,slide,gbdt,2,2,2,False
1847,slide,gbdt,1,1,1,False
1848,slide,gbdt,0,0,3,True
1849,slide,gbdt,1,1,0,True
1850,slide,gbdt,2,2,3,True
1851,slide,gbdt,0,0,0,False
1852,slide,gbdt,1,1,0,True
1853,slide,gbdt,1,1,0,True
1854,slide,gbdt,1,1,1,False
1855,slide,gbdt,1,1,1,False
1856,slide,gbdt,1,1,1,False
1857,slide,gbdt,1,1,0,True
1858,slide,gbdt,0,0,1,True
1859,slide,gbdt,0,0,0,False
1860,slide,gbdt,0,0,0,False
1861,slide,gbdt,1,1,1,False
1862,slide,gbdt,2,2,3,True
1863,slide,gbdt,1,1,1,False
1864,slide,gbdt,0,0,0,False
1865,slide,gbdt,2,2,3,True
1866,slide,gbdt,2,2,2,False
1867,slide,gbdt,2,2,0,True
1868,slide,gbdt,1,1,1,False
1869,slide,gbdt,1,1,1,False
1870,slide,gbdt,0,0,0,False
1871,slide,gbdt,1,1,1,False
1872,slide,gbdt,3,3,1,True
1873,slide,gbdt,0,0,0,False
1874,slide,gbdt,1,1,1,False
1875,slide,gbdt,0,0,1,True
1876,slide,gbdt,0,0,3,True
1877,slide,gbdt,1,1,1,False
1878,slide,gbdt,3,1,1,True
1879,slide,gbdt,3,3,0,True
1880,slide,gbdt,1,1,1,False
1881,slide,gbdt,3,3,4,True
1882,slide,gbdt,1,1,1,False
1883,slide,gbdt,1,1,0,True
1884,slide,gbdt,0,0,3,True
1885,slide,gbdt,3,3,1,True
1886,slide,gbdt,1,1,1,False
1887,slide,gbdt,1,1,1,False
1888,slide,gbdt,1,1,0,True
1889,slide,gbdt,1,1,3,True
1890,slide,gbdt,1,1,1,False
1891,slide,gbdt,0,0,1,True
1892,slide,gbdt,1,1,1,False
1893,slide,gbdt,2,2,0,True
1894,slide,gbdt,3,3,1,True
1895,slide,gbdt,1,1,1,False
1896,slide,gbdt,0,0,0,False
1897,slide,gbdt,1,1,2,True
1898,slide,gbdt,0,0,1,True
1899,slide,gbdt,1,1,0,True
1900,slide,gbdt,0,0,1,True
1901,slide,gbdt,1,1,1,False
1902,slide,gbdt,1,1,1,False
1903,slide,gbdt,0,0,0,False
1904,slide,gbdt,1,1,1,False
1905,slide,gbdt,0,0,0,False
1906,slide,gbdt,0,0,0,False
1907,slide,gbdt,3,3,1,True
1908,slide,gbdt,0,0,3,True
1909,slide,gbdt,1,1,1,False
1910,slide,gbdt,1,1,0,True
1911,slide,gbdt,2,2,3,True
1912,slide,gbdt,1,1,1,False
1913,slide,gbdt,0,0,3,True
1914,slide,gbdt,1,1,2,True
1915,slide,gbdt,4,2,4,False
1916,slide,gbdt,1,1,1,False
1917,slide,gbdt,1,1,0,True
1918,slide,gbdt,1,1,1,False
1919,slide,gbdt,1,1,1,False
1920,slide,gbdt,1,1,1,False
1921,slide,gbdt,0,0,0,False
1922,slide,gbdt,0,0,3,True
1923,slide,gbdt,1,1,1,False
1924,slide,gbdt,1,1,3,True
1925,slide,gbdt,3,3,1,True
1926,slide,gbdt,1,1,0,True
1927,slide,gbdt,0,0,0,False
1928,slide,gbdt,0,0,0,False
1929,slide,gbdt,0,0,1,True
1930,slide,gbdt,0,0,0,False
1931,slide,gbdt,3,3,4,True
1932,slide,gbdt,1,1,2,True
1933,slide,gbdt,0,0,0,False
1934,slide,gbdt,1,1,1,False
1935,slide,gbdt,3,3,1,True
1936,slide,gbdt,2,2,4,True
1937,slide,gbdt,1,1,0,True
1938,slide,gbdt,1,1,2,True
1939,slide,gbdt,1,1,1,False
1940,slide,gbdt,0,0,3,True
1941,slide,gbdt,1,1,1,False
1942,slide,gbdt,3,3,4,True
1943,slide,gbdt,1,1,1,False
1944,slide,gbdt,1,1,1,False
1945,slide,gbdt,0,0,0,False
1946,slide,gbdt,1,1,1,False
1947,slide,gbdt,1,1,0,True
1948,slide,gbdt,3,3,1,True
1949,slide,gbdt,3,3,3,False
1950,slide,gbdt,1,1,0,True
1951,slide,gbdt,1,1,1,False
1952,slide,gbdt,0,0,0,False
1953,slide,gbdt,0,0,0,False
1954,slide,gbdt,3,3,3,False
1955,slide,gbdt,1,1,1,False
1956,slide,gbdt,2,2,3,True
1957,slide,gbdt,0,0,1,True
1958,slide,gbdt,1,1,1,False
1959,slide,gbdt,1,1,1,False
1960,slide,gbdt,0,0,3,True
1961,slide,gbdt,0,0,3,True
1962,slide,gbdt,0,0,1,True
1963,slide,gbdt,0,0,1,True
1964,slide,gbdt,1,1,0,True
1965,slide,gbdt,0,0,1,True
1966,slide,gbdt,1,1,0,True
1967,slide,gbdt,0,0,0,False
1968,slide,gbdt,2,2,2,False
1969,slide,gbdt,0,0,0,False
1970,slide,gbdt,0,0,0,False
1971,slide,gbdt,3,3,4,True
1972,slide,gbdt,0,0,0,False
1973,slide,gbdt,1,1,1,False
1974,slide,gbdt,0,0,0,False
1975,slide,gbdt,0,0,0,False
1976,slide,gbdt,0,0,0,False
1977,slide,gbdt,3,3,4,True
1978,slide,gbdt,1,1,1,False
1979,slide,gbdt,2,2,1,True
1980,slide,gbdt,1,2,3,True
1981,slide,gbdt,1,1,3,True
1982,slide,gbdt,2,2,0,True
1983,slide,gbdt,1,1,0,True
1984,slide,gbdt,2,2,0,True
1985,slide,gbdt,1,1,3,True
1986,slide,gbdt,1,1,1,False
1987,slide,gbdt,0,0,1,True
1988,slide,gbdt,1,1,1,False
1989,slide,gbdt,0,0,1,True
1990,slide,gbdt,1,1,1,False
1991,slide,gbdt,1,1,0,True
1992,slide,gbdt,1,1,1,False
1993,slide,gbdt,1,1,0,True
1994,slide,gbdt,1,1,0,True
1995,slide,gbdt,0,0,3,True
1996,slide,gbdt,0,0,0,False
1997,slide,gbdt,1,1,1,False
1998,slide,gbdt,2,2,1,True
1999,slide,gbdt,0,0,0,False
2000,slide,gbdt,0,0,0,False
2001,slide,gbdt,3,3,1,True
2002,slide,gbdt,2,2,0,True
2003,slide,gbdt,0,0,1,True
2004,slide,gbdt,3,3,1,True
2005,slide,gbdt,0,0,1,True
2006,slide,gbdt,0,0,0,False
2007,slide,gbdt,0,0,0,False
2008,slide,gbdt,1,1,1,False
2009,slide,gbdt,0,0,3,True
2010,slide,gbdt,0,0,1,True
2011,slide,gbdt,0,0,0,False
2012,slide,gbdt,0,0,0,False
2013,slide,gbdt,2,2,2,False
2014,slide,gbdt,3,3,1,True
2015,slide,gbdt,3,3,1,True
2016,slide,gbdt,1,1,1,False
2017,slide,gbdt,0,0,0,False
2018,slide,gbdt,1,1,1,False
2019,slide,gbdt,1,1,3,True
2020,slide,gbdt,1,1,0,True
2021,slide,gbdt,0,0,0,False
2022,slide,gbdt,1,1,0,True
2023,slide,gbdt,2,2,1,True
2024,slide,gbdt,1,1,4,True
2025,slide,gbdt,1,1,0,True
2026,slide,gbdt,1,1,4,True
2027,slide,gbdt,3,3,1,True
2028,slide,gbdt,1,1,2,True
2029,slide,gbdt,2,2,1,True
2030,slide,gbdt,2,2,2,False
2031,slide,gbdt,3,3,1,True
2032,slide,gbdt,0,0,1,True
2033,slide,gbdt,3,3,1,True
2034,slide,gbdt,0,0,3,True
2035,slide,gbdt,1,1,0,True
2036,slide,gbdt,1,1,1,False
2037,slide,gbdt,4,1,1,True
2038,slide,gbdt,3,3,4,True
2039,slide,gbdt,0,0,0,False
2040,slide,gbdt,1,1,1,False
2041,slide,gbdt,1,2,1,False
2042,slide,gbdt,1,1,0,True
2043,slide,gbdt,3,3,1,True
2044,slide,gbdt,3,3,1,True
2045,slide,gbdt,1,1,1,False
2046,slide,gbdt,1,1,0,True
2047,slide,gbdt,0,0,3,True
2048,slide,gbdt,1,2,1,False
2049,slide,gbdt,0,0,0,False
2050,slide,gbdt,0,0,1,True
2051,slide,gbdt,0,0,0,False
2052,slide,gbdt,0,0,3,True
2053,slide,gbdt,3,3,1,True
2054,slide,gbdt,0,0,0,False
2055,slide,gbdt,1,1,2,True
2056,slide,gbdt,1,1,1,False
2057,slide,gbdt,1,1,1,False
2058,slide,gbdt,1,1,1,False
2059,slide,gbdt,0,0,3,True
2060,slide,gbdt,1,1,0,True
2061,slide,gbdt,1,1,0,True
2062,slide,gbdt,1,1,1,False
2063,slide,gbdt,4,4,4,False
2064,slide,gbdt,0,0,0,False
2065,slide,gbdt,2,2,3,True
2066,slide,gbdt,0,0,0,False
2067,slide,gbdt,2,2,2,False
2068,slide,gbdt,0,0,1,True
2069,slide,gbdt,0,0,1,True
2070,slide,gbdt,1,1,1,False
2071,slide,gbdt,0,0,0,False
2072,slide,gbdt,0,0,0,False
2073,slide,gbdt,1,1,0,True
2074,slide,gbdt,0,0,0,False
2075,slide,gbdt,0,0,1,True
2076,slide,gbdt,0,0,3,True
2077,slide,gbdt,1,1,1,False
2078,slide,gbdt,1,1,1,False
2079,slide,gbdt,0,0,1,True
2080,slide,gbdt,0,0,0,False
2081,slide,gbdt,0,0,1,True
2082,slide,gbdt,1,1,0,True
2083,slide,gbdt,0,0,3,True
2084,slide,gbdt,1,1,1,False
2085,slide,gbdt,3,3,4,True
2086,slide,gbdt,0,0,3,True
2087,slide,gbdt,0,0,0,False
2088,slide,gbdt,0,0,3,True
2089,slide,gbdt,1,1,0,True
2090,slide,gbdt,1,1,1,False
2091,slide,gbdt,1,1,1,False
2092,slide,gbdt,0,0,3,True
2093,slide,gbdt,0,0,0,False
2094,slide,gbdt,1,1,0,True
2095,slide,gbdt,3,3,1,True
2096,slide,gbdt,1,1,1,False
2097,slide,gbdt,1,1,1,False
2098,slide,gbdt,0,0,0,False
2099,slide,gbdt,2,2,0,True
2100,slide,gbdt,0,0,3,True
2101,slide,gbdt,2,2,2,False
2102,slide,gbdt,1,3,3,True
2103,slide,gbdt,0,0,0,False
2104,slide,gbdt,0,0,3,True
2105,slide,gbdt,3,3,1,True
2106,slide,gbdt,2,2,2,False
2107,slide,gbdt,2,2,2,False
2108,slide,gbdt,0,0,3,True
2109,slide,gbdt,3,3,1,True
2110,slide,gbdt,0,0,3,True
2111,slide,gbdt,3,3,4,True
2112,slide,gbdt,0,0,1,True
2113,slide,gbdt,1,1,1,False
2114,slide,gbdt,1,1,3,True
2115,slide,gbdt,1,1,1,False
2116,slide,gbdt,3,3,1,True
2117,slide,gbdt,1,1,1,False
2118,slide,gbdt,0,0,0,False
2119,slide,gbdt,1,1,1,False
2120,slide,gbdt,1,1,1,False
2121,slide,gbdt,1,1,1,False
2122,slide,gbdt,3,3,4,True
2123,slide,gbdt,0,0,0,False
2124,slide,gbdt,1,1,0,True
2125,slide,gbdt,0,0,0,False
2126,slide,gbdt,0,0,3,True
2127,slide,gbdt,0,0,1,True
2128,slide,gbdt,1,1,1,False
2129,slide,gbdt,2,2,1,True
2130,slide,gbdt,0,0,1,True
2131,slide,gbdt,0,0,0,False
2132,slide,gbdt,2,2,1,True
2133,slide,gbdt,1,1,1,False
2134,slide,gbdt,2,2,1,True
2135,slide,gbdt,0,0,0,False
2136,slide,gbdt,0,0,0,False
2137,slide,gbdt,1,1,1,False
2138,slide,gbdt,0,0,0,False
2139,slide,gbdt,0,0,0,False
2140,slide,gbdt,0,0,3,True
2141,slide,gbdt,1,1,1,False
2142,slide,gbdt,1,1,0,True
2143,slide,gbdt,1,1,4,True
2144,slide,gbdt,1,1,3,True
2145,slide,gbdt,2,2,1,True
2146,slide,gbdt,0,0,0,False
2147,slide,gbdt,1,1,3,True
2148,slide,gbdt,3,3,1,True
2149,slide,gbdt,1,1,0,True
2150,slide,gbdt,1,1,1,False
2151,slide,gbdt,0,0,0,False
2152,slide,gbdt,1,1,0,True
2153,slide,gbdt,2,2,2,False
2154,slide,gbdt,0,0,0,False
2155,slide,gbdt,0,0,0,False
2156,slide,gbdt,1,1,1,False
2157,slide,gbdt,1,1,4,True
2158,slide,gbdt,1,1,0,True
2159,slide,gbdt,0,0,0,False
2160,slide,gbdt,2,2,3,True
2161,slide,gbdt,3,1,1,True
2162,slide,gbdt,1,1,1,False
2163,slide,gbdt,1,3,3,True
2164,slide,gbdt,0,0,0,False
2165,slide,gbdt,0,0,1,True
2166,slide,gbdt,0,0,0,False
2167,slide,gbdt,1,1,1,False
2168,slide,gbdt,1,1,1,False
2169,slide,gbdt,0,0,1,True
2170,slide,gbdt,0,0,1,True
2171,slide,gbdt,2,2,0,True
2172,slide,gbdt,1,1,1,False
2173,slide,gbdt,0,0,3,True
2174,slide,gbdt,1,1,0,True
2175,slide,gbdt,0,0,0,False
2176,slide,gbdt,3,3,4,True
2177,slide,gbdt,2,2,3,True
2178,slide,gbdt,3,3,1,True
2179,slide,gbdt,1,1,1,False
2180,slide,gbdt,1,1,0,True
2181,slide,gbdt,0,0,0,False
2182,slide,gbdt,1,1,1,False
2183,slide,gbdt,1,1,0,True
2184,slide,gbdt,2,2,2,False
2185,slide,gbdt,2,2,2,False
2186,slide,gbdt,0,0,0,False
2187,slide,gbdt,1,1,0,True
2188,slide,gbdt,1,1,1,False
2189,slide,gbdt,1,1,1,False
2190,slide,gbdt,1,1,3,True
2191,slide,gbdt,0,0,0,False
2192,slide,gbdt,2,2,3,True
2193,slide,gbdt,3,3,3,False
2194,slide,gbdt,2,2,0,True
2195,slide,gbdt,0,0,1,True
2196,slide,gbdt,0,0,3,True
2197,slide,gbdt,1,1,1,False
2198,slide,gbdt,1,1,1,False
2199,slide,gbdt,1,1,2,True
2200,slide,gbdt,0,0,1,True
2201,slide,gbdt,3,3,0,True
2202,slide,gbdt,0,0,0,False
2203,slide,gbdt,0,0,1,True
2204,slide,gbdt,1,1,1,False
2205,slide,gbdt,1,1,0,True
2206,slide,gbdt,0,0,0,False
2207,slide,gbdt,1,1,0,True
2208,slide,gbdt,0,0,3,True
2209,slide,gbdt,3,3,4,True
2210,slide,gbdt,1,1,1,False
2211,slide,gbdt,1,1,1,False
2212,slide,gbdt,1,1,0,True
2213,slide,gbdt,1,1,0,True
2214,slide,gbdt,0,0,1,True
2215,slide,gbdt,3,3,4,True
2216,slide,gbdt,2,2,3,True
2217,slide,gbdt,3,3,1,True
2218,slide,gbdt,2,2,2,False
2219,slide,gbdt,1,1,1,False
2220,slide,gbdt,0,0,1,True
2221,slide,gbdt,2,2,1,True
2222,slide,gbdt,1,1,1,False
2223,slide,gbdt,1,1,0,True
2224,slide,gbdt,0,0,3,True
2225,slide,gbdt,1,3,1,False
2226,slide,gbdt,0,0,3,True
2227,slide,gbdt,0,0,0,False
2228,slide,gbdt,0,0,0,False
2229,slide,gbdt,0,0,0,False
2230,slide,gbdt,1,1,1,False
2231,slide,gbdt,3,3,0,True
2232,slide,gbdt,1,1,1,False
2233,slide,gbdt,1,1,1,False
2234,slide,gbdt,0,0,0,False
2235,slide,gbdt,1,1,0,True
2236,slide,gbdt,2,2,3,True
2237,slide,gbdt,1,1,1,False
2238,slide,gbdt,0,0,0,False
2239,slide,gbdt,0,0,0,False
2240,slide,gbdt,1,1,1,False
2241,slide,gbdt,0,0,0,False
2242,slide,gbdt,0,0,1,True
2243,slide,gbdt,1,1,3,True
2244,slide,gbdt,2,2,1,True
2245,slide,gbdt,1,1,1,False
2246,slide,gbdt,1,1,0,True
2247,slide,gbdt,1,1,0,True
2248,slide,gbdt,1,1,1,False
2249,slide,gbdt,1,1,3,True
2250,slide,gbdt,0,0,3,True
2251,slide,gbdt,1,1,3,True
2252,slide,gbdt,1,1,1,False
2253,slide,gbdt,1,1,1,False
2254,slide,gbdt,0,0,0,False
2255,slide,gbdt,2,2,3,True
2256,slide,gbdt,1,1,0,True
2257,slide,gbdt,0,0,1,True
2258,slide,gbdt,2,2,1,True
2259,slide,gbdt,2,2,0,True
2260,slide,gbdt,1,1,1,False
2261,slide,gbdt,2,2,1,True
2262,slide,gbdt,1,1,1,False
2263,slide,gbdt,1,1,1,False
2264,slide,gbdt,1,1,1,False
2265,slide,gbdt,1,1,1,False
2266,slide,gbdt,0,0,1,True
2267,slide,gbdt,1,1,2,True
2268,slide,gbdt,3,3,0,True
2269,slide,gbdt,0,0,3,True
2270,slide,gbdt,0,0,3,True
2271,slide,gbdt,0,0,0,False
2272,slide,gbdt,1,1,0,True
2273,slide,gbdt,0,0,0,False
2274,slide,gbdt,1,1,1,False
2275,slide,gbdt,1,1,1,False
2276,slide,gbdt,1,1,0,True
2277,slide,gbdt,1,1,1,False
2278,slide,gbdt,3,3,1,True
2279,slide,gbdt,1,1,1,False
2280,slide,gbdt,1,1,1,False
2281,slide,gbdt,0,0,1,True
2282,slide,gbdt,3,3,1,True
2283,slide,gbdt,1,1,1,False
2284,slide,gbdt,1,1,1,False
2285,slide,gbdt,0,0,0,False
2286,slide,gbdt,0,0,0,False
2287,slide,gbdt,1,1,1,False
2288,slide,gbdt,2,2,1,True
2289,slide,gbdt,3,3,4,True
2290,slide,gbdt,0,0,3,True
2291,slide,gbdt,0,0,0,False
2292,slide,gbdt,0,0,0,False
2293,slide,gbdt,0,0,0,False
2294,slide,gbdt,3,3,1,True
2295,slide,gbdt,1,1,1,False
2296,slide,gbdt,0,0,3,True
2297,slide,gbdt,1,1,1,False
2298,slide,gbdt,1,1,1,False
2299,slide,gbdt,1,1,1,False
2300,slide,gbdt,1,1,1,False
2301,slide,gbdt,0,0,3,True
2302,slide,gbdt,1,1,1,False
2303,slide,gbdt,3,3,4,True
2304,slide,gbdt,1,1,1,False
2305,slide,gbdt,1,1,1,False
2306,slide,gbdt,0,0,3,True
2307,slide,gbdt,1,1,3,True
2308,slide,gbdt,0,0,1,True
2309,slide,gbdt,0,0,0,False
2310,slide,gbdt,1,1,1,False
2311,slide,gbdt,2,2,2,False
2312,slide,gbdt,1,1,1,False
2313,slide,gbdt,0,0,0,False
2314,slide,gbdt,3,3,1,True
2315,slide,gbdt,1,1,1,False
2316,slide,gbdt,2,2,3,True
2317,slide,gbdt,1,1,1,False
2318,slide,gbdt,0,0,0,False
2319,slide,gbdt,0,0,0,False
2320,slide,gbdt,1,1,1,False
2321,slide,gbdt,0,0,3,True
2322,slide,gbdt,3,3,1,True
2323,slide,gbdt,1,1,1,False
2324,slide,gbdt,0,0,3,True
2325,slide,gbdt,0,0,0,False
2326,slide,gbdt,1,1,1,False
2327,slide,gbdt,1,1,1,False
2328,slide,gbdt,1,1,0,True
2329,slide,gbdt,0,0,3,True
2330,slide,gbdt,1,1,1,False
2331,slide,gbdt,1,1,0,True
2332,slide,gbdt,2,2,1,True
2333,slide,gbdt,0,0,1,True
2334,slide,gbdt,0,0,0,False
2335,slide,gbdt,1,1,0,True
2336,slide,gbdt,4,4,4,False
2337,slide,gbdt,0,0,0,False
2338,slide,gbdt,0,0,0,False
2339,slide,gbdt,3,3,0,True
2340,slide,gbdt,0,0,0,False
2341,slide,gbdt,3,3,4,True
2342,slide,gbdt,0,0,1,True
2343,slide,gbdt,2,2,1,True
2344,slide,gbdt,0,0,1,True
2345,slide,gbdt,2,2,1,True
2346,slide,gbdt,1,1,0,True
2347,slide,gbdt,1,1,3,True
2348,slide,gbdt,0,0,3,True
2349,slide,gbdt,1,1,0,True
2350,slide,gbdt,2,2,3,True
2351,slide,gbdt,0,0,1,True
2352,slide,gbdt,3,3,4,True
2353,slide,gbdt,3,3,1,True
2354,slide,gbdt,3,3,3,False
2355,slide,gbdt,0,0,1,True
2356,slide,gbdt,3,3,1,True
2357,slide,gbdt,2,2,3,True
2358,slide,gbdt,1,1,1,False
2359,slide,gbdt,3,3,4,True
2360,slide,gbdt,1,1,1,False
2361,slide,gbdt,0,0,1,True
2362,slide,gbdt,1,1,1,False
2363,slide,gbdt,1,1,0,True
2364,slide,gbdt,1,1,1,False
2365,slide,gbdt,1,1,2,True
2366,slide,gbdt,1,1,1,False
2367,slide,gbdt,1,1,1,False
2368,slide,gbdt,4,4,1,True
2369,slide,gbdt,1,1,1,False
2370,slide,gbdt,1,1,1,False
2371,slide,gbdt,1,1,1,False
2372,slide,gbdt,1,1,4,True
2373,slide,gbdt,2,1,3,True
2374,slide,gbdt,0,0,1,True
2375,slide,gbdt,2,2,0,True
2376,slide,gbdt,3,3,1,True
2377,slide,gbdt,1,1,3,True
2378,slide,gbdt,2,2,3,True
2379,slide,gbdt,0,0,0,False
2380,slide,gbdt,0,0,0,False
2381,slide,gbdt,1,1,1,False
2382,slide,gbdt,0,0,1,True
2383,slide,gbdt,1,1,1,False
2384,slide,gbdt,2,2,3,True
2385,slide,gbdt,1,1,2,True
2386,slide,gbdt,1,1,0,True
2387,slide,gbdt,1,1,0,True
2388,slide,gbdt,2,2,0,True
2389,slide,gbdt,3,3,1,True
2390,slide,gbdt,0,0,1,True
2391,slide,gbdt,2,2,1,True
2392,slide,gbdt,2,2,2,False
2393,slide,gbdt,1,1,0,True
2394,slide,gbdt,1,1,1,False
2395,slide,gbdt,0,0,1,True
2396,slide,gbdt,0,0,0,False
2397,slide,gbdt,2,2,3,True
2398,slide,gbdt,1,1,1,False
2399,slide,gbdt,1,1,1,False
2400,slide,gbdt,1,1,0,True
2401,slide,gbdt,2,2,4,True
2402,slide,gbdt,0,0,0,False
2403,slide,gbdt,0,0,3,True
2404,slide,gbdt,1,1,1,False
2405,slide,gbdt,0,0,1,True
2406,slide,gbdt,1,1,1,False
2407,slide,gbdt,3,3,4,True
2408,slide,gbdt,0,0,0,False
2409,slide,gbdt,2,2,1,True
2410,slide,gbdt,0,0,0,False
2411,slide,gbdt,3,3,1,True
2412,slide,gbdt,1,1,1,False
2413,slide,gbdt,4,4,3,True
2414,slide,gbdt,1,1,0,True
2415,slide,gbdt,0,0,3,True
2416,slide,gbdt,0,0,0,False
2417,slide,gbdt,1,1,1,False
2418,slide,gbdt,0,0,0,False
2419,slide,gbdt,2,2,1,True
2420,slide,gbdt,0,0,3,True
2421,slide,gbdt,0,0,3,True
2422,slide,gbdt,2,2,1,True
2423,slide,gbdt,3,3,4,True
2424,slide,gbdt,1,1,3,True
2425,slide,gbdt,3,3,1,True
2426,slide,gbdt,1,1,1,False
2427,slide,gbdt,1,1,4,True
2428,slide,gbdt,1,1,1,False
2429,slide,gbdt,0,0,3,True
2430,slide,gbdt,0,0,0,False
2431,slide,gbdt,1,1,1,False
2432,slide,gbdt,0,0,1,True
2433,slide,gbdt,1,1,1,False
2434,slide,gbdt,1,1,3,True
2435,slide,gbdt,0,0,0,False
2436,slide,gbdt,0,0,0,False
2437,slide,gbdt,3,3,3,False
2438,slide,gbdt,1,1,1,False
2439,slide,gbdt,2,2,3,True
2440,slide,gbdt,1,1,0,True
2441,slide,gbdt,1,1,1,False
2442,slide,gbdt,1,1,1,False
2443,slide,gbdt,1,1,1,False
2444,slide,gbdt,2,2,2,False
2445,slide,gbdt,1,3,3,True
2446,slide,gbdt,0,0,0,False
2447,slide,gbdt,0,0,1,True
2448,slide,gbdt,1,1,0,True
2449,slide,gbdt,0,0,0,False
2450,slide,gbdt,1,1,1,False
2451,slide,gbdt,1,1,1,False
2452,slide,gbdt,1,1,0,True
2453,slide,gbdt,0,0,3,True
2454,slide,gbdt,0,0,0,False
2455,slide,gbdt,1,1,3,True
2456,slide,gbdt,3,3,4,True
2457,slide,gbdt,0,0,0,False
2458,slide,gbdt,1,1,1,False
2459,slide,gbdt,1,1,1,False
2460,slide,gbdt,0,0,0,False
2461,slide,gbdt,1,1,1,False
2462,slide,gbdt,0,0,0,False
2463,slide,gbdt,1,1,0,True
2464,slide,gbdt,0,0,0,False
2465,slide,gbdt,1,1,0,True
2466,slide,gbdt,0,0,1,True
2467,slide,gbdt,1,1,1,False
2468,slide,gbdt,1,1,1,False
2469,slide,gbdt,1,1,1,False
2470,slide,gbdt,3,3,1,True
2471,slide,gbdt,1,1,1,False
2472,slide,gbdt,2,2,3,True
2473,slide,gbdt,0,0,3,True
2474,slide,gbdt,3,3,1,True
2475,slide,gbdt,1,1,1,False
2476,slide,gbdt,1,1,0,True
2477,slide,gbdt,1,1,1,False
2478,slide,gbdt,1,1,4,True
2479,slide,gbdt,1,1,4,True
2480,slide,gbdt,1,1,1,False
2481,slide,gbdt,1,1,1,False
2482,slide,gbdt,1,1,2,True
2483,slide,gbdt,1,1,0,True
2484,slide,gbdt,0,0,0,False
2485,slide,gbdt,1,1,2,True
2486,slide,gbdt,1,1,2,True
2487,slide,gbdt,3,3,1,True
2488,slide,gbdt,1,1,3,True
2489,slide,gbdt,3,3,1,True
2490,slide,gbdt,1,1,1,False
2491,slide,gbdt,1,1,1,False
2492,slide,gbdt,0,0,3,True
2493,slide,gbdt,1,1,1,False
2494,slide,gbdt,0,0,0,False
2495,slide,gbdt,2,2,2,False
2496,slide,gbdt,1,1,1,False
2497,slide,gbdt,2,2,3,True
2498,slide,gbdt,0,0,0,False
2499,slide,gbdt,1,1,1,False
2500,slide,gbdt,3,3,0,True
2501,slide,gbdt,1,1,0,True
2502,slide,gbdt,0,0,0,False
2503,slide,gbdt,1,1,1,False
2504,slide,gbdt,1,1,1,False
2505,slide,gbdt,2,2,3,True
2506,slide,gbdt,1,1,0,True
2507,slide,gbdt,0,0,3,True
2508,slide,gbdt,2,2,0,True
2509,slide,gbdt,0,0,1,True
2510,slide,gbdt,1,1,0,True
2511,slide,gbdt,0,0,1,True
2512,slide,gbdt,1,1,1,False
2513,slide,gbdt,3,3,1,True
2514,slide,gbdt,1,1,1,False
2515,slide,gbdt,0,0,3,True
2516,slide,gbdt,0,0,0,False
2517,slide,gbdt,0,0,0,False
2518,slide,gbdt,3,3,1,True
2519,slide,gbdt,1,0,3,True
2520,slide,gbdt,2,2,3,True
2521,slide,gbdt,0,0,0,False
2522,slide,gbdt,3,3,1,True
2523,slide,gbdt,1,1,1,False
2524,slide,gbdt,0,0,1,True
2525,slide,gbdt,1,1,0,True
2526,slide,gbdt,0,0,3,True
2527,slide,gbdt,1,1,3,True
2528,slide,gbdt,0,0,3,True
2529,slide,gbdt,1,1,1,False
2530,slide,gbdt,0,0,1,True
2531,slide,gbdt,1,1,1,False
2532,slide,gbdt,1,1,1,False
2533,slide,gbdt,0,0,0,False
2534,slide,gbdt,1,1,1,False
2535,slide,gbdt,1,1,4,True
2536,slide,gbdt,4,4,3,True
2537,slide,gbdt,3,3,3,False
2538,slide,gbdt,0,0,0,False
2539,slide,gbdt,3,3,4,True
2540,slide,gbdt,0,0,3,True
2541,slide,gbdt,0,0,0,False
2542,slide,gbdt,1,1,3,True
2543,slide,gbdt,1,1,1,False
2544,slide,gbdt,1,1,1,False
2545,slide,gbdt,2,2,3,True
2546,slide,gbdt,0,0,3,True
2547,slide,gbdt,1,1,1,False
2548,slide,gbdt,1,3,3,True
2549,slide,gbdt,3,3,1,True
2550,slide,gbdt,1,1,3,True
2551,slide,gbdt,0,0,0,False
2552,slide,gbdt,0,0,0,False
2553,slide,gbdt,0,0,2,True
2554,slide,gbdt,1,1,0,True
2555,slide,gbdt,0,0,1,True
2556,slide,gbdt,1,1,0,True
2557,slide,gbdt,1,1,1,False
2558,slide,gbdt,0,0,0,False
2559,slide,gbdt,1,1,1,False
2560,slide,gbdt,0,0,0,False
2561,slide,gbdt,0,0,0,False
2562,slide,gbdt,1,1,0,True
2563,slide,gbdt,1,1,1,False
2564,slide,gbdt,1,1,0,True
2565,slide,gbdt,1,1,1,False
2566,slide,gbdt,1,1,1,False
2567,slide,gbdt,1,1,4,True
2568,slide,gbdt,1,1,1,False
2569,slide,gbdt,0,0,3,True
2570,slide,gbdt,1,1,0,True
2571,slide,gbdt,0,0,0,False
2572,slide,gbdt,3,3,3,False
2573,slide,gbdt,2,2,1,True
2574,slide,gbdt,1,1,1,False
2575,slide,gbdt,2,2,2,False
2576,slide,gbdt,1,1,1,False
2577,slide,gbdt,1,1,1,False
2578,slide,gbdt,2,2,3,True
2579,slide,gbdt,0,0,0,False
2580,slide,gbdt,1,1,0,True
2581,slide,gbdt,1,1,1,False
2582,slide,gbdt,1,1,0,True
2583,slide,gbdt,3,3,1,True
2584,slide,gbdt,1,1,1,False
2585,slide,gbdt,0,0,1,True
2586,slide,gbdt,1,1,0,True
2587,slide,gbdt,1,1,1,False
2588,slide,gbdt,1,1,1,False
2589,slide,gbdt,3,3,1,True
2590,slide,gbdt,2,2,3,True
2591,slide,gbdt,2,2,1,True
2592,slide,gbdt,0,0,0,False
2593,slide,gbdt,0,0,0,False
2594,slide,gbdt,1,1,1,False
2595,slide,gbdt,1,1,0,True
2596,slide,gbdt,0,0,0,False
2597,slide,gbdt,3,3,1,True
2598,slide,gbdt,0,0,0,False
2599,slide,gbdt,1,1,1,False
2600,slide,gbdt,0,0,0,False
2601,slide,gbdt,3,3,1,True
2602,slide,gbdt,0,0,1,True
2603,slide,gbdt,0,0,0,False
2604,slide,gbdt,0,0,0,False
2605,slide,gbdt,2,2,3,True
2606,slide,gbdt,0,0,0,False
2607,slide,gbdt,3,3,1,True
2608,slide,gbdt,1,1,1,False
2609,slide,gbdt,1,1,0,True
2610,slide,gbdt,3,3,4,True
2611,slide,gbdt,1,1,1,False
2612,slide,gbdt,2,2,1,True
2613,slide,gbdt,1,1,1,False
2614,slide,gbdt,1,1,1,False
2615,slide,gbdt,1,1,0,True
2616,slide,gbdt,1,1,1,False
2617,slide,gbdt,0,0,3,True
2618,slide,gbdt,1,1,0,True
2619,slide,gbdt,0,0,3,True
2620,slide,gbdt,1,1,1,False
2621,slide,gbdt,0,0,0,False
2622,slide,gbdt,1,1,0,True
2623,slide,gbdt,1,1,2,True
2624,slide,gbdt,2,2,1,True
2625,slide,gbdt,2,2,3,True
2626,slide,gbdt,0,0,3,True
2627,slide,gbdt,0,0,3,True
2628,slide,gbdt,0,0,0,False
2629,slide,gbdt,0,0,3,True
2630,slide,gbdt,1,1,4,True
2631,slide,gbdt,0,0,3,True
2632,slide,gbdt,0,0,0,False
2633,slide,gbdt,0,0,1,True
2634,slide,gbdt,1,1,0,True
2635,slide,gbdt,0,0,1,True
2636,slide,gbdt,3,3,1,True
2637,slide,gbdt,1,1,1,False
2638,slide,gbdt,1,1,0,True
2639,slide,gbdt,3,3,3,False
2640,slide,gbdt,0,0,2,True
2641,slide,gbdt,0,0,0,False
2642,slide,gbdt,1,1,0,True
2643,slide,gbdt,1,1,0,True
2644,slide,gbdt,1,1,0,True
2645,slide,gbdt,0,0,1,True
2646,slide,gbdt,2,2,1,True
2647,slide,gbdt,1,1,0,True
2648,slide,gbdt,1,1,1,False
2649,slide,gbdt,0,0,0,False
2650,slide,gbdt,0,0,0,False
2651,slide,gbdt,3,3,1,True
2652,slide,gbdt,0,0,0,False
2653,slide,gbdt,1,1,3,True
2654,slide,gbdt,1,1,0,True
2655,slide,gbdt,1,1,1,False
2656,slide,gbdt,2,2,1,True
2657,slide,gbdt,1,1,3,True
2658,slide,gbdt,1,1,0,True
2659,slide,gbdt,1,1,0,True
2660,slide,gbdt,0,0,0,False
2661,slide,gbdt,0,0,0,False
2662,slide,gbdt,1,1,1,False
2663,slide,gbdt,1,1,1,False
2664,slide,gbdt,1,1,0,True
2665,slide,gbdt,3,3,3,False
2666,slide,gbdt,1,1,2,True
2667,slide,gbdt,1,1,2,True
2668,slide,gbdt,0,0,3,True
2669,slide,gbdt,1,1,0,True
2670,slide,gbdt,0,0,0,False
2671,slide,gbdt,0,0,0,False
2672,slide,gbdt,2,2,1,True
2673,slide,gbdt,2,2,3,True
2674,slide,gbdt,1,1,1,False
2675,slide,gbdt,0,0,3,True
2676,slide,gbdt,1,1,3,True
2677,slide,gbdt,1,1,1,False
2678,slide,gbdt,2,2,1,True
2679,slide,gbdt,3,3,1,True
2680,slide,gbdt,1,1,2,True
2681,slide,gbdt,3,3,1,True
2682,slide,gbdt,1,1,1,False
2683,slide,gbdt,1,1,0,True
2684,slide,gbdt,0,0,0,False
2685,slide,gbdt,1,1,0,True
2686,slide,gbdt,0,0,3,True
2687,slide,gbdt,1,1,1,False
2688,slide,gbdt,0,0,1,True
2689,slide,gbdt,1,1,1,False
2690,slide,gbdt,3,3,1,True
2691,slide,gbdt,1,1,0,True
2692,slide,gbdt,1,1,1,False
2693,slide,gbdt,1,1,3,True
2694,slide,gbdt,1,1,1,False
2695,slide,gbdt,1,1,1,False
2696,slide,gbdt,1,1,3,True
2697,slide,gbdt,0,0,0,False
2698,slide,gbdt,1,1,1,False
2699,slide,gbdt,1,1,1,False
2700,slide,gbdt,3,3,1,True
2701,slide,gbdt,0,0,0,False
2702,slide,gbdt,0,0,3,True
2703,slide,gbdt,3,3,1,True
2704,slide,gbdt,0,0,0,False
2705,slide,gbdt,1,1,1,False
2706,slide,gbdt,0,0,0,False
2707,slide,gbdt,1,1,1,False
2708,slide,gbdt,1,1,0,True
2709,slide,gbdt,2,2,2,False
2710,slide,gbdt,1,1,1,False
2711,slide,gbdt,3,3,4,True
2712,slide,gbdt,1,1,0,True
2713,slide,gbdt,1,1,1,False
2714,slide,gbdt,0,0,3,True
2715,slide,gbdt,1,1,1,False
2716,slide,gbdt,1,1,1,False
2717,slide,gbdt,3,3,3,False
2718,slide,gbdt,3,3,1,True
2719,slide,gbdt,3,3,1,True
2720,slide,gbdt,2,2,2,False
2721,slide,gbdt,1,1,3,True
2722,slide,gbdt,1,1,3,True
2723,slide,gbdt,0,0,3,True
2724,slide,gbdt,0,0,0,False
2725,slide,gbdt,0,0,0,False
2726,slide,gbdt,1,1,1,False
2727,slide,gbdt,0,0,3,True
2728,slide,gbdt,1,1,1,False
2729,slide,gbdt,1,1,1,False
2730,slide,gbdt,1,1,1,False
2731,slide,gbdt,0,0,0,False
2732,slide,gbdt,2,2,0,True
2733,slide,gbdt,0,0,1,True
2734,slide,gbdt,1,1,1,False
2735,slide,gbdt,0,0,0,False
2736,slide,gbdt,0,0,0,False
2737,slide,gbdt,3,3,4,True
2738,slide,gbdt,2,2,0,True
2739,slide,gbdt,1,1,1,False
2740,slide,gbdt,0,0,0,False
2741,slide,gbdt,1,1,1,False
2742,slide,gbdt,3,3,0,True
2743,slide,gbdt,3,3,1,True
2744,slide,gbdt,1,1,1,False
2745,slide,gbdt,0,0,1,True
2746,slide,gbdt,0,0,1,True
2747,slide,gbdt,1,1,0,True
2748,slide,gbdt,2,2,2,False
2749,slide,gbdt,1,1,1,False
2750,slide,gbdt,0,0,0,False
2751,slide,gbdt,1,1,0,True
2752,slide,gbdt,1,1,1,False
2753,slide,gbdt,2,2,1,True
2754,slide,gbdt,0,0,0,False
2755,slide,gbdt,0,0,0,False
2756,slide,gbdt,2,2,0,True
2757,slide,gbdt,1,1,3,True
2758,slide,gbdt,0,0,0,False
2759,slide,gbdt,0,0,0,False
2760,slide,gbdt,0,0,0,False
2761,slide,gbdt,1,1,1,False
2762,slide,gbdt,2,2,3,True
2763,slide,gbdt,1,1,1,False
2764,slide,gbdt,0,0,0,False
2765,slide,gbdt,2,2,0,True
2766,slide,gbdt,0,0,3,True
2767,slide,gbdt,0,0,0,False
2768,slide,gbdt,0,0,0,False
2769,slide,gbdt,0,0,0,False
2770,slide,gbdt,1,1,1,False
2771,slide,gbdt,2,2,1,True
2772,slide,gbdt,0,0,1,True
2773,slide,gbdt,0,0,0,False
2774,slide,gbdt,0,0,3,True
2775,slide,gbdt,0,0,0,False
2776,slide,gbdt,1,1,0,True
2777,slide,gbdt,3,3,1,True
2778,slide,gbdt,0,0,0,False
2779,slide,gbdt,1,1,4,True
2780,slide,gbdt,0,0,0,False
2781,slide,gbdt,0,0,3,True
2782,slide,gbdt,1,1,0,True
2783,slide,gbdt,0,0,0,False
2784,slide,gbdt,3,3,4,True
2785,slide,gbdt,2,2,2,False
2786,slide,gbdt,1,1,1,False
2787,slide,gbdt,0,0,0,False
2788,slide,gbdt,1,1,1,False
2789,slide,gbdt,1,1,1,False
2790,slide,gbdt,0,0,0,False
2791,slide,gbdt,3,3,1,True
2792,slide,gbdt,1,1,0,True
2793,slide,gbdt,3,3,1,True
2794,slide,gbdt,3,3,1,True
2795,slide,gbdt,1,1,1,False
2796,slide,gbdt,1,1,1,False
2797,slide,gbdt,0,0,3,True
2798,slide,gbdt,1,1,4,True
2799,slide,gbdt,0,0,0,False
2800,slide,gbdt,1,1,0,True
2801,slide,gbdt,1,1,1,False
2802,slide,gbdt,1,1,1,False
2803,slide,gbdt,1,1,0,True
2804,slide,gbdt,0,0,0,False
2805,slide,gbdt,2,2,0,True
2806,slide,gbdt,0,0,0,False
2807,slide,gbdt,3,3,3,False
2808,slide,gbdt,1,1,0,True
2809,slide,gbdt,1,1,0,True
2810,slide,gbdt,1,1,1,False
2811,slide,gbdt,3,3,4,True
2812,slide,gbdt,0,0,0,False
2813,slide,gbdt,0,0,3,True
2814,slide,gbdt,2,2,2,False
2815,slide,gbdt,1,1,1,False
2816,slide,gbdt,2,2,0,True
2817,slide,gbdt,0,0,3,True
2818,slide,gbdt,2,2,0,True
2819,slide,gbdt,0,0,0,False
2820,slide,gbdt,0,0,1,True
2821,slide,gbdt,1,1,1,False
2822,slide,gbdt,1,1,0,True
2823,slide,gbdt,1,1,1,False
2824,slide,gbdt,0,0,0,False
2825,slide,gbdt,3,3,1,True
2826,slide,gbdt,0,0,2,True
2827,slide,gbdt,1,1,1,False
2828,slide,gbdt,0,0,0,False
2829,slide,gbdt,1,1,0,True
2830,slide,gbdt,0,0,0,False
2831,slide,gbdt,0,0,1,True
2832,slide,gbdt,1,1,1,False
2833,slide,gbdt,1,1,1,False
2834,slide,gbdt,0,0,3,True
2835,slide,gbdt,1,1,0,True
2836,slide,gbdt,1,1,1,False
2837,slide,gbdt,0,0,1,True
2838,slide,gbdt,1,1,3,True
2839,slide,gbdt,1,1,1,False
2840,slide,gbdt,2,2,2,False
2841,slide,gbdt,1,1,1,False
2842,slide,gbdt,0,0,0,False
2843,slide,gbdt,1,1,1,False
2844,slide,gbdt,1,1,1,False
2845,slide,gbdt,1,1,0,True
2846,slide,gbdt,1,1,1,False
2847,slide,gbdt,1,1,0,True
2848,slide,gbdt,0,0,3,True
2849,slide,gbdt,2,2,3,True
2850,slide,gbdt,3,3,1,True
2851,slide,gbdt,0,0,3,True
2852,slide,gbdt,2,2,2,False
2853,slide,gbdt,0,0,3,True
2854,slide,gbdt,1,1,0,True
2855,slide,gbdt,0,0,0,False
2856,slide,gbdt,0,0,0,False
2857,slide,gbdt,3,3,1,True
2858,slide,gbdt,2,2,1,True
2859,slide,gbdt,0,0,3,True
2860,slide,gbdt,1,1,0,True
2861,slide,gbdt,3,3,1,True
2862,slide,gbdt,3,3,1,True
2863,slide,gbdt,1,1,3,True
2864,slide,gbdt,0,0,0,False
2865,slide,gbdt,2,2,2,False
2866,slide,gbdt,1,1,0,True
2867,slide,gbdt,2,2,2,False
2868,slide,gbdt,0,0,0,False
2869,slide,gbdt,1,1,2,True
2870,slide,gbdt,0,0,1,True
2871,slide,gbdt,2,2,1,True
2872,slide,gbdt,3,3,1,True
2873,slide,gbdt,1,1,1,False
2874,slide,gbdt,1,1,0,True
2875,slide,gbdt,1,1,1,False
2876,slide,gbdt,1,1,0,True
2877,slide,gbdt,1,1,1,False
2878,slide,gbdt,3,3,4,True
2879,slide,gbdt,1,1,1,False
2880,slide,gbdt,0,0,0,False
2881,slide,gbdt,0,0,0,False
2882,slide,gbdt,0,0,0,False
2883,slide,gbdt,0,0,0,False
2884,slide,gbdt,0,0,3,True
2885,slide,gbdt,0,0,1,True
2886,slide,gbdt,1,1,1,False
2887,slide,gbdt,0,0,3,True
2888,slide,gbdt,0,0,3,True
2889,slide,gbdt,1,1,1,False
2890,slide,gbdt,1,1,1,False
2891,slide,gbdt,0,0,0,False
2892,slide,gbdt,1,1,1,False
2893,slide,gbdt,1,1,1,False
2894,slide,gbdt,1,1,3,True
2895,slide,gbdt,0,0,0,False
2896,slide,gbdt,2,1,3,True
2897,slide,gbdt,3,3,1,True
2898,slide,gbdt,3,3,4,True
2899,slide,gbdt,1,1,1,False
2900,slide,gbdt,1,1,1,False
2901,slide,gbdt,2,2,3,True
2902,slide,gbdt,3,3,1,True
2903,slide,gbdt,0,0,3,True
2904,slide,gbdt,2,2,0,True
2905,slide,gbdt,1,1,1,False
2906,slide,gbdt,1,1,1,False
2907,slide,gbdt,2,2,2,False
2908,slide,gbdt,3,3,1,True
2909,slide,gbdt,0,0,3,True
2910,slide,gbdt,3,3,4,True
2911,slide,gbdt,1,1,1,False
2912,slide,gbdt,1,1,3,True
2913,slide,gbdt,1,1,1,False
2914,slide,gbdt,3,3,4,True
2915,slide,gbdt,0,0,1,True
2916,slide,gbdt,1,1,1,False
2917,slide,gbdt,3,3,1,True
2918,slide,gbdt,2,2,3,True
2919,slide,gbdt,0,0,3,True
2920,slide,gbdt,0,0,1,True
2921,slide,gbdt,0,0,1,True
2922,slide,gbdt,1,1,1,False
2923,slide,gbdt,3,3,1,True
2924,slide,gbdt,1,1,3,True
2925,slide,gbdt,1,1,1,False
2926,slide,gbdt,1,1,1,False
2927,slide,gbdt,1,1,1,False
2928,slide,gbdt,0,0,1,True
2929,slide,gbdt,0,0,1,True
2930,slide,gbdt,0,0,0,False
2931,slide,gbdt,1,1,3,True
2932,slide,gbdt,2,2,1,True
2933,slide,gbdt,2,2,1,True
2934,slide,gbdt,0,0,0,False
2935,slide,gbdt,3,1,1,True
2936,slide,gbdt,0,0,0,False
2937,slide,gbdt,3,3,4,True
2938,slide,gbdt,0,0,0,False
2939,slide,gbdt,1,1,3,True
2940,slide,gbdt,1,1,0,True
2941,slide,gbdt,0,0,1,True
2942,slide,gbdt,1,1,1,False
2943,slide,gbdt,1,1,0,True
2944,slide,gbdt,1,1,3,True
2945,slide,gbdt,0,0,0,False
2946,slide,gbdt,1,1,1,False
2947,slide,gbdt,1,1,1,False
2948,slide,gbdt,0,0,1,True
2949,slide,gbdt,0,0,3,True
2950,slide,gbdt,1,1,0,True
2951,slide,gbdt,1,1,1,False
2952,slide,gbdt,1,3,3,True
2953,slide,gbdt,1,1,3,True
2954,slide,gbdt,1,1,1,False
2955,slide,gbdt,1,1,3,True
2956,slide,gbdt,1,1,3,True
2957,slide,gbdt,1,1,1,False
2958,slide,gbdt,1,1,1,False
2959,slide,gbdt,3,3,3,False
2960,slide,gbdt,3,3,1,True
2961,slide,gbdt,1,1,1,False
2962,slide,gbdt,3,3,1,True
2963,slide,gbdt,0,0,3,True
2964,slide,gbdt,2,2,1,True
2965,slide,gbdt,0,0,0,False
2966,slide,gbdt,1,1,1,False
2967,slide,gbdt,0,0,0,False
2968,slide,gbdt,1,1,0,True
2969,slide,gbdt,1,1,3,True
2970,slide,gbdt,0,0,0,False
2971,slide,gbdt,0,0,0,False
2972,slide,gbdt,1,1,2,True
2973,slide,gbdt,1,1,1,False
2974,slide,gbdt,0,0,1,True
2975,slide,gbdt,1,1,1,False
2976,slide,gbdt,2,2,3,True
2977,slide,gbdt,3,3,1,True
2978,slide,gbdt,2,2,2,False
2979,slide,gbdt,0,0,0,False
2980,slide,gbdt,0,0,0,False
2981,slide,gbdt,0,0,0,False
2982,slide,gbdt,1,1,1,False
2983,slide,gbdt,1,1,1,False
2984,slide,gbdt,1,1,1,False
2985,slide,gbdt,1,1,2,True
2986,slide,gbdt,3,3,4,True
2987,slide,gbdt,0,0,0,False
2988,slide,gbdt,0,0,1,True
2989,slide,gbdt,0,0,1,True
2990,slide,gbdt,1,1,1,False
2991,slide,gbdt,3,3,0,True
2992,slide,gbdt,1,1,0,True
2993,slide,gbdt,0,0,0,False
2994,slide,gbdt,0,0,3,True
2995,slide,gbdt,1,1,0,True
2996,slide,gbdt,1,1,1,False
2997,slide,gbdt,1,1,1,False
2998,slide,gbdt,0,0,0,False
2999,slide,gbdt,0,0,0,False
3000,slide,gbdt,0,0,3,True
3001,slide,gbdt,0,0,3,True
3002,slide,gbdt,1,1,1,False
3003,slide,gbdt,2,2,1,True
3004,slide,gbdt,2,2,2,False
3005,slide,gbdt,3,3,1,True
3006,slide,gbdt,3,3,1,True
3007,slide,gbdt,0,0,0,False
3008,slide,gbdt,1,1,0,True
3009,slide,gbdt,1,1,1,False
3010,slide,gbdt,1,1,0,True
3011,slide,gbdt,1,1,1,False
3012,slide,gbdt,1,1,1,False
3013,slide,gbdt,1,3,3,True
3014,slide,gbdt,0,0,3,True
3015,slide,gbdt,1,1,1,False
3016,slide,gbdt,1,1,1,False
3017,slide,gbdt,1,1,1,False
3018,slide,gbdt,3,3,1,True
3019,slide,gbdt,2,2,1,True
3020,slide,gbdt,0,0,1,True
3021,slide,gbdt,0,0,3,True
3022,slide,gbdt,1,1,1,False
3023,slide,gbdt,0,0,0,False
3024,slide,gbdt,1,1,1,False
3025,slide,gbdt,1,1,0,True
3026,slide,gbdt,0,0,1,True
3027,slide,gbdt,1,1,0,True
3028,slide,gbdt,1,1,1,False
3029,slide,gbdt,1,1,3,True
3030,slide,gbdt,2,2,4,True
3031,slide,gbdt,2,2,2,False
3032,slide,gbdt,2,2,2,False
3033,slide,gbdt,3,1,1,True
3034,slide,gbdt,1,1,0,True
3035,slide,gbdt,3,3,1,True
3036,slide,gbdt,4,4,3,True
3037,slide,gbdt,1,1,0,True
3038,slide,gbdt,2,2,1,True
3039,slide,gbdt,1,1,0,True
3040,slide,gbdt,0,0,0,False
3041,slide,gbdt,1,1,1,False
3042,slide,gbdt,3,3,1,True
3043,slide,gbdt,2,2,3,True
3044,slide,gbdt,2,2,2,False
3045,slide,gbdt,1,1,1,False
3046,slide,gbdt,3,3,4,True
3047,slide,gbdt,0,0,0,False
3048,slide,gbdt,1,1,1,False
3049,slide,gbdt,3,3,4,True
3050,slide,gbdt,1,1,0,True
3051,slide,gbdt,3,3,2,True
3052,slide,gbdt,0,0,0,False
3053,slide,gbdt,0,0,0,False
3054,slide,gbdt,1,1,0,True
3055,slide,gbdt,0,0,0,False
3056,slide,gbdt,0,0,0,False
3057,slide,gbdt,0,0,3,True
3058,slide,gbdt,0,0,0,False
3059,slide,gbdt,1,1,4,True
3060,slide,gbdt,1,1,0,True
3061,slide,gbdt,1,1,1,False
3062,slide,gbdt,3,3,1,True
3063,slide,gbdt,0,0,0,False
3064,slide,gbdt,2,2,1,True
3065,slide,gbdt,0,0,3,True
3066,slide,gbdt,1,1,1,False
3067,slide,gbdt,1,1,1,False
3068,slide,gbdt,0,0,3,True
3069,slide,gbdt,1,1,0,True
3070,slide,gbdt,3,3,4,True
3071,slide,gbdt,1,1,0,True
3072,slide,gbdt,1,1,3,True
3073,slide,gbdt,1,1,1,False
3074,slide,gbdt,0,0,0,False
3075,slide,gbdt,0,0,0,False
3076,slide,gbdt,1,1,0,True
3077,slide,gbdt,3,3,4,True
3078,slide,gbdt,1,1,1,False
3079,slide,gbdt,0,0,1,True
3080,slide,gbdt,1,1,0,True
3081,slide,gbdt,2,2,3,True
3082,slide,gbdt,1,1,0,True
3083,slide,gbdt,0,0,3,True
3084,slide,gbdt,0,0,0,False
3085,slide,gbdt,0,0,0,False
3086,slide,gbdt,1,1,4,True
3087,slide,gbdt,0,0,1,True
3088,slide,gbdt,1,1,1,False
3089,slide,gbdt,1,1,1,False
3090,slide,gbdt,1,1,1,False
3091,slide,gbdt,1,1,4,True
3092,slide,gbdt,1,1,1,False
3093,slide,gbdt,1,1,1,False
3094,slide,gbdt,1,1,1,False
3095,slide,gbdt,3,3,4,True
3096,slide,gbdt,0,1,3,True
3097,slide,gbdt,0,0,0,False
3098,slide,gbdt,2,2,1,True
3099,slide,gbdt,1,1,0,True
3100,slide,gbdt,0,0,0,False
3101,slide,gbdt,0,0,0,False
3102,slide,gbdt,0,0,0,False
3103,slide,gbdt,1,1,1,False
3104,slide,gbdt,0,0,0,False
3105,slide,gbdt,3,3,1,True
3106,slide,gbdt,1,1,3,True
3107,slide,gbdt,1,1,1,False
3108,slide,gbdt,0,0,1,True
3109,slide,gbdt,0,0,0,False
3110,slide,gbdt,2,2,3,True
3111,slide,gbdt,0,0,0,False
3112,slide,gbdt,1,1,1,False
3113,slide,gbdt,1,1,1,False
3114,slide,gbdt,1,1,1,False
3115,slide,gbdt,0,0,0,False
3116,slide,gbdt,0,0,0,False
3117,slide,gbdt,1,1,1,False
3118,slide,gbdt,0,0,0,False
3119,slide,gbdt,3,3,4,True
3120,slide,gbdt,2,2,2,False
3121,slide,gbdt,0,0,3,True
3122,slide,gbdt,1,1,0,True
3123,slide,gbdt,1,1,1,False
3124,slide,gbdt,1,1,1,False
3125,slide,gbdt,1,1,1,False
3126,slide,gbdt,1,1,1,False
3127,slide,gbdt,3,3,4,True
3128,slide,gbdt,1,1,0,True
3129,slide,gbdt,0,0,0,False
3130,slide,gbdt,0,0,1,True
3131,slide,gbdt,3,3,1,True
3132,slide,gbdt,2,2,1,True
3133,slide,gbdt,1,1,3,True
3134,slide,gbdt,0,0,1,True
3135,slide,gbdt,1,1,1,False
3136,slide,gbdt,2,2,0,True
3137,slide,gbdt,0,0,0,False
3138,slide,gbdt,0,0,1,True
3139,slide,gbdt,3,3,1,True
3140,slide,gbdt,1,1,0,True
3141,slide,gbdt,1,1,3,True
3142,slide,gbdt,1,1,3,True
3143,slide,gbdt,0,0,0,False
3144,slide,gbdt,0,0,3,True
3145,slide,gbdt,0,0,0,False
3146,slide,gbdt,0,0,3,True
3147,slide,gbdt,0,0,0,False
3148,slide,gbdt,3,3,4,True
3149,slide,gbdt,2,2,1,True
3150,slide,gbdt,1,1,1,False
3151,slide,gbdt,2,2,2,False
3152,slide,gbdt,1,1,1,False
3153,slide,gbdt,1,1,1,False
3154,slide,gbdt,1,1,0,True
3155,slide,gbdt,0,0,0,False
3156,slide,gbdt,0,0,0,False
3157,slide,gbdt,3,3,1,True
3158,slide,gbdt,1,1,1,False
3159,slide,gbdt,1,3,3,True
3160,slide,gbdt,1,1,2,True
3161,slide,gbdt,3,3,4,True
3162,slide,gbdt,0,0,0,False
3163,slide,gbdt,1,1,1,False
3164,slide,gbdt,3,3,3,False
3165,slide,gbdt,0,0,3,True
3166,slide,gbdt,0,0,0,False
3167,slide,gbdt,1,1,0,True
3168,slide,gbdt,1,1,1,False
3169,slide,gbdt,0,0,0,False
3170,slide,gbdt,1,1,1,False
3171,slide,gbdt,1,1,1,False
3172,slide,gbdt,1,1,0,True
3173,slide,gbdt,1,1,1,False
3174,slide,gbdt,1,1,4,True
3175,slide,gbdt,1,1,1,False
3176,slide,gbdt,1,1,3,True
3177,slide,gbdt,1,1,2,True
3178,slide,gbdt,1,1,1,False
3179,slide,gbdt,3,3,1,True
3180,slide,gbdt,1,3,3,True
3181,slide,gbdt,1,1,1,False
3182,slide,gbdt,0,0,0,False
3183,slide,gbdt,2,2,1,True
3184,slide,gbdt,1,1,3,True
3185,slide,gbdt,1,1,4,True
3186,slide,gbdt,1,1,1,False
3187,slide,gbdt,1,1,0,True
3188,slide,gbdt,1,1,0,True
3189,slide,gbdt,1,1,1,False
3190,slide,gbdt,2,2,2,False
3191,slide,gbdt,2,2,3,True
3192,slide,gbdt,0,0,0,False
3193,slide,gbdt,1,1,3,True
3194,slide,gbdt,1,1,0,True
3195,slide,gbdt,0,0,3,True
3196,slide,gbdt,1,1,0,True
3197,slide,gbdt,1,1,0,True
3198,slide,gbdt,0,0,1,True
3199,slide,gbdt,1,1,1,False
3200,slide,gbdt,2,2,3,True
3201,slide,gbdt,1,1,0,True
3202,slide,gbdt,0,0,0,False
3203,slide,gbdt,0,0,1,True
3204,slide,gbdt,1,1,0,True
3205,slide,gbdt,0,0,0,False
3206,slide,gbdt,3,3,3,False
3207,slide,gbdt,2,2,3,True
3208,slide,gbdt,1,1,1,False
3209,slide,gbdt,1,1,0,True
3210,slide,gbdt,1,1,1,False
3211,slide,gbdt,2,2,1,True
3212,slide,gbdt,3,3,1,True
3213,slide,gbdt,2,2,2,False
3214,slide,gbdt,0,1,0,False
3215,slide,gbdt,0,0,3,True
3216,slide,gbdt,1,1,0,True
3217,slide,gbdt,0,0,0,False
3218,slide,gbdt,3,3,1,True
3219,slide,gbdt,3,3,1,True
3220,slide,gbdt,0,0,3,True
3221,slide,gbdt,1,1,1,False
3222,slide,gbdt,0,0,1,True
3223,slide,gbdt,0,0,0,False
3224,slide,gbdt,0,0,1,True
3225,slide,gbdt,0,0,1,True
3226,slide,gbdt,1,1,1,False
3227,slide,gbdt,1,1,1,False
3228,slide,gbdt,1,1,1,False
3229,slide,gbdt,1,1,1,False
3230,slide,gbdt,1,1,1,False
3231,slide,gbdt,0,0,0,False
3232,slide,gbdt,1,1,0,True
3233,slide,gbdt,2,2,1,True
3234,slide,gbdt,0,0,0,False
3235,slide,gbdt,0,0,1,True
3236,slide,gbdt,0,0,1,True
3237,slide,gbdt,1,1,1,False
3238,slide,gbdt,0,0,3,True
3239,slide,gbdt,1,1,1,False
3240,slide,gbdt,0,0,0,False
3241,slide,gbdt,2,2,3,True
3242,slide,gbdt,1,1,1,False
3243,slide,gbdt,0,0,1,True
3244,slide,gbdt,0,0,0,False
3245,slide,gbdt,0,0,1,True
3246,slide,gbdt,0,0,1,True
3247,slide,gbdt,1,1,1,False
3248,slide,gbdt,1,1,1,False
3249,slide,gbdt,2,2,1,True
3250,slide,gbdt,1,1,1,False
3251,slide,gbdt,0,0,0,False
3252,slide,gbdt,1,1,4,True
3253,slide,gbdt,1,1,4,True
3254,slide,gbdt,1,1,2,True
3255,slide,gbdt,3,3,4,True
3256,slide,gbdt,0,0,0,False
3257,slide,gbdt,1,1,1,False
3258,slide,gbdt,2,2,3,True
3259,slide,gbdt,1,1,0,True
3260,slide,gbdt,1,1,1,False
3261,slide,gbdt,1,1,1,False
3262,slide,gbdt,0,0,0,False
3263,slide,gbdt,1,1,0,True
3264,slide,gbdt,1,1,1,False
3265,slide,gbdt,2,2,3,True
3266,slide,gbdt,3,3,3,False
3267,slide,gbdt,1,1,1,False
3268,slide,gbdt,4,4,3,True
3269,slide,gbdt,2,2,1,True
3270,slide,gbdt,1,1,1,False
3271,slide,gbdt,1,1,1,False
3272,slide,gbdt,1,1,0,True
3273,slide,gbdt,1,1,0,True
3274,slide,gbdt,0,0,0,False
3275,slide,gbdt,0,0,1,True
3276,slide,gbdt,1,1,1,False
3277,slide,gbdt,0,0,3,True
3278,slide,gbdt,2,2,0,True
3279,slide,gbdt,1,1,1,False
3280,slide,gbdt,1,1,0,True
3281,slide,gbdt,1,1,2,True
3282,slide,gbdt,3,3,4,True
3283,slide,gbdt,1,1,3,True
3284,slide,gbdt,0,0,0,False
3285,slide,gbdt,3,3,1,True
3286,slide,gbdt,0,0,1,True
3287,slide,gbdt,1,1,3,True
3288,slide,gbdt,1,1,0,True
3289,slide,gbdt,0,0,0,False
3290,slide,gbdt,1,1,0,True
3291,slide,gbdt,1,1,0,True
3292,slide,gbdt,0,0,3,True
3293,slide,gbdt,1,1,1,False
3294,slide,gbdt,3,3,1,True
3295,slide,gbdt,1,1,1,False
3296,slide,gbdt,0,0,0,False
3297,slide,gbdt,1,1,1,False
3298,slide,gbdt,1,1,0,True
3299,slide,gbdt,1,1,0,True
3300,slide,gbdt,1,1,0,True
3301,slide,gbdt,3,3,1,True
3302,slide,gbdt,1,1,1,False
3303,slide,gbdt,1,1,4,True
3304,slide,gbdt,1,1,0,True
3305,slide,gbdt,3,3,1,True
3306,slide,gbdt,0,0,3,True
3307,slide,gbdt,2,2,1,True
3308,slide,gbdt,1,1,0,True
3309,slide,gbdt,2,2,3,True
3310,slide,gbdt,2,2,1,True
3311,slide,gbdt,0,0,0,False
3312,slide,gbdt,1,1,0,True
3313,slide,gbdt,1,1,1,False
3314,slide,gbdt,3,3,4,True
3315,slide,gbdt,0,0,0,False
3316,slide,gbdt,1,1,0,True
3317,slide,gbdt,0,0,3,True
3318,slide,gbdt,2,2,3,True
3319,slide,gbdt,0,0,0,False
3320,slide,gbdt,0,0,0,False
3321,slide,gbdt,4,4,4,False
3322,slide,gbdt,1,1,1,False
3323,slide,gbdt,3,3,1,True
3324,slide,gbdt,1,1,3,True
3325,slide,gbdt,1,1,1,False
3326,slide,gbdt,1,1,0,True
3327,slide,gbdt,1,1,0,True
3328,slide,gbdt,3,3,1,True
3329,slide,gbdt,0,0,3,True
3330,slide,gbdt,2,2,3,True
3331,slide,gbdt,1,1,1,False
3332,slide,gbdt,0,0,3,True
3333,slide,gbdt,1,1,3,True
3334,slide,gbdt,1,1,1,False
3335,slide,gbdt,0,0,3,True
3336,slide,gbdt,0,0,0,False
3337,slide,gbdt,0,0,0,False
3338,slide,gbdt,1,1,1,False
3339,slide,gbdt,0,0,0,False
3340,slide,gbdt,3,3,1,True
3341,slide,gbdt,1,1,0,True
3342,slide,gbdt,2,2,0,True
3343,slide,gbdt,3,3,1,True
3344,slide,gbdt,2,2,1,True
3345,slide,gbdt,2,2,3,True
3346,slide,gbdt,0,0,0,False
3347,slide,gbdt,0,0,3,True
3348,slide,gbdt,1,1,1,False
3349,slide,gbdt,0,0,3,True
3350,slide,gbdt,0,0,1,True
3351,slide,gbdt,1,1,1,False
3352,slide,gbdt,0,0,0,False
3353,slide,gbdt,1,1,3,True
3354,slide,gbdt,0,0,3,True
3355,slide,gbdt,1,1,1,False
3356,slide,gbdt,0,0,1,True
3357,slide,gbdt,0,0,3,True
3358,slide,gbdt,3,3,1,True
3359,slide,gbdt,0,0,3,True
3360,slide,gbdt,2,2,3,True
3361,slide,gbdt,0,0,0,False
3362,slide,gbdt,1,1,1,False
3363,slide,gbdt,1,1,1,False
3364,slide,gbdt,0,0,0,False
3365,slide,gbdt,1,1,1,False
3366,slide,gbdt,1,1,3,True
3367,slide,gbdt,3,3,3,False
3368,slide,gbdt,0,0,1,True
3369,slide,gbdt,1,1,1,False
3370,slide,gbdt,2,2,2,False
3371,slide,gbdt,0,0,1,True
3372,slide,gbdt,0,0,1,True
3373,slide,gbdt,0,0,1,True
3374,slide,gbdt,1,1,0,True
3375,slide,gbdt,1,1,1,False
3376,slide,gbdt,0,0,3,True
3377,slide,gbdt,2,2,0,True
3378,slide,gbdt,1,1,1,False
3379,slide,gbdt,1,1,0,True
3380,slide,gbdt,1,1,1,False
3381,slide,gbdt,0,0,0,False
